,name,teff,fe,obs,bc,ha,jd,obs.1,type,run,number,obstime,gaidos_name,tycho_name,VTmag,e_VTmag,BTmag,e_BTmag,Vmag,e_Vmag,2mass_name,K_2mass_mag,e_K_2mass_mag,J_2mass_mag,e_J_2mass_mag,Kmag,e_Kmag,V-K,e_V-K,teff_derived,e_teff_derived,Plx,e_Plx,abs_Vmag,e_abs_Vmag,abs_Kmag,e_abs_Kmag,radius,u_radius,logg,u_logg,age,u_age,mass,u_mass
85,   HIP 99332 ,4400,0.3,rj59.394,-19750.5214844,1.07400000095,14718.847656200001,rj59.394,t,j59,394,2008-09-09 08:20,   HIP 99332 ,TYC 5165-1867-1,9.72700023651123,0.027000000700354576,11.210000038146973,0.059999998658895486,9.585625370557413,0.05336622050616889,2MASS J20094103-0307443,6.742000102996826,0.026000000536441803,7.439000129699707,0.026000000536441803,6.77203231685663,0.03733189851361292,2.8135930537007825,0.09069811901978182,4399.5213381180965,99.4156763476602,31.31999969482422,1.7400000095367432,7.064734116328551,0.4711935187690616,4.251141062627768,0.4551591967765056,0.7,0.04,4.62,0.03,9.76,0.49,0.73,0.05
84,   HIP 99205 ,4397,-0.18,rj59.395,-17801.4277344,1.15199995041,14718.8505859,rj59.395,t,j59,395,2008-09-09 08:24,   HIP 99205 ,TYC  507-1725-1,9.982999801635742,0.032000001519918435,11.329999923706055,0.06400000303983687,9.8549871695753,0.06109376290179789,2MASS J20082437+0640435,6.929999828338622,0.020999999716877937,7.650000095367432,0.020999999716877937,6.95948205578423,0.0324585868570632,2.8955051137910712,0.09355234975886108,4337.714640417667,106.00564918633414,36.4900016784668,2.009999990463257,7.6658565862819135,0.4570968250881728,4.7703514724908445,0.4284616490434381,0.65,0.04,4.65,0.03,9.63,0.5,0.68,0.05
82,   HIP 93871 ,4453,-0.47,rj59.396,-22095.7460938,2.2300000190700002,14718.8525391,rj59.396,t,j59,396,2008-09-09 08:27,   HIP 93871 ,TYC 1040-324-1,9.352999687194824,0.019999999552965164,10.605999946594238,0.039000000804662704,9.233645076467363,0.03788053966134786,2MASS J19070204+0736576,6.4689998626708975,0.017999999225139618,7.151999950408936,0.019999999552965164,6.499574491759772,0.02907981723397752,2.734070584707591,0.06696035689532538,4461.763239311213,129.27377488934422,41.18999862670898,1.3400000333786009,7.307603963851696,0.26319968585011505,4.573533379144104,0.2543989634227447,0.68,0.04,4.63,0.03,9.64,0.5,0.71,0.05
83,   HIP 97051 ,4320,-0.19,rj59.397,-18977.5292969,1.6779999733000002,14718.854492200002,rj59.397,t,j59,397,2008-09-09 08:30,   HIP 97051 ,TYC 1061-1929-1,10.121000289916992,0.02199999988079071,11.541999816894533,0.04600000008940697,9.985855055388939,0.04260807987175882,2MASS J19432533+1005223,6.841000080108643,0.020999999716877937,7.619999885559082,0.024000000208616257,6.8689928276328125,0.03263404462599378,3.1168622277561244,0.0752421244977526,4181.579516680449,170.11529483212234,44.18000030517578,1.8600000143051147,8.211983628065585,0.3277914403219939,5.095121400309461,0.31781740507622896,0.61,0.04,4.67,0.03,9.64,0.51,0.63,0.05
89,  HIP 104092 ,4455,0.07,rj59.402,-12330.2197266,0.48600000143100003,14718.862304700002,rj59.402,t,j59,402,2008-09-09 08:41,  HIP 104092 ,TYC  538-1647-1,8.491000175476074,0.01899999938905239,9.852999687194824,0.035999998450279236,8.361566268615906,0.03566829873424024,2MASS J21051974+0704092,5.306000232696533,0.024000000208616257,6.039999961853027,0.023000000044703484,5.334576307781635,0.035377556468187576,3.026989960834271,0.07104585520242783,4243.134322797268,163.71992399079105,67.37999725341797,1.350000023841858,7.504221213326613,0.15302383875527248,4.477231252492342,0.1527330964892198,0.66,0.03,4.64,0.03,9.65,0.5,0.7,0.05
90,  HIP 105341 ,4299,-0.05,rj59.403,-15447.817382799998,0.284999996424,14718.864257799998,rj59.403,t,j59,403,2008-09-09 08:44,  HIP 105341 ,TYC 6368-1244-1,9.23900032043457,0.017999999225139618,10.805999755859377,0.0430000014603138,9.088762638081349,0.03648665943287313,2MASS J21201384-1951070,5.7210001945495605,0.017999999225139618,6.540999889373777,0.019999999552965164,5.747463593295902,0.029772718795426437,3.341299044785445,0.06625937822829958,4037.828638130828,221.29641170128414,61.040000915527344,1.309999942779541,8.01683529538497,0.16679832968500105,4.675536250599526,0.16008438904755434,0.63,0.04,4.66,0.03,9.63,0.51,0.65,0.04
80,   HIP 87464 ,4417,-0.27,rj59.679,-28263.71875,1.8070000410099998,14719.7802734,rj59.679,t,j59,679,2008-09-10 06:43,   HIP 87464 ,TYC 5661-231-1,10.16800022125244,0.039000000804662704,11.57800006866455,0.07699999958276749,10.033935046604924,0.0741549609220773,2MASS J17521661-0733376,6.9720001220703125,0.024000000208616257,7.735000133514402,0.020999999716877937,7.000561010441219,0.035795510793506534,3.033374036163705,0.10995047171558382,4238.681252035237,97.98502509617394,32.40999984741211,1.940000057220459,7.587330191542574,0.519894359654985,4.553956155378869,0.4815349095264143,0.66,0.04,4.64,0.03,9.68,0.5,0.68,0.05
94,  HIP 112918 ,4434,0.02,rj59.706,2655.97607422,-1.54700005054,14719.848632799998,rj59.706,t,j59,706,2008-09-10 08:22,  HIP 112918 ,TYC 2221-511-1,9.923999786376953,0.02800000086426735,11.371000289916992,0.059000000357627876,9.786272060065878,0.054366221234574914,2MASS J22520249+2324479,6.816999912261963,0.019999999552965164,7.544000148773192,0.023000000044703484,6.846177132034831,0.03144106654421594,2.940094928031047,0.08580728777879085,4305.016046512063,125.6729171883703,36.83000183105469,1.7200000286102295,7.617280762298211,0.3891656951479805,4.677185834267165,0.3662405404576216,0.66,0.04,4.65,0.03,9.65,0.5,0.69,0.05
81,   HIP 89087 ,4118,-0.01,rj59.721,-8334.54296875,4.17000007629,14719.8916016,rj59.721,t,j59,721,2008-09-10 09:23,   HIP 89087 ,TYC 3532-1672-1,10.154000282287598,0.032999999821186066,11.550999641418455,0.0689999982714653,10.021202386751828,0.063912119243145,2MASS J18105626+4958162,6.8379998207092285,0.016000000759959214,7.586999893188477,0.024000000208616257,6.865691509136091,0.02758985718044356,3.1555108776157383,0.09150197642358857,4155.839717982819,148.21664053059794,37.34000015258789,1.1200000047683716,7.88207396369073,0.2780477334690674,4.726563086074992,0.24172547140636605,0.64,0.04,4.66,0.03,9.65,0.5,0.66,0.05
88,  HIP 103650 ,4603,-0.04,rj59.724,5945.73681641,1.57000005245,14719.900390600002,rj59.724,t,j59,724,2008-09-10 09:36,  HIP 103650 ,TYC 4464-648-1,9.467000007629396,0.020999999716877937,10.843999862670898,0.04600000008940697,9.336132685213652,0.041305019658170634,2MASS J21000342+7040072,6.566999912261963,0.020999999716877937,7.242000102996826,0.020999999716877937,6.5975347113797485,0.032088280623789066,2.738597973833904,0.0733933002819597,4458.158784199013,118.85539331859293,38.86999893188477,0.8299999833106995,7.284205328699727,0.1918864384658148,4.545607354865824,0.18266969943143324,0.68,0.04,4.63,0.03,9.63,0.49,0.71,0.05
92,  HIP 110774 ,4471,-0.12,rj59.726,8017.51513672,0.238000005484,14719.9052734,rj59.726,t,j59,726,2008-09-10 09:43,  HIP 110774 ,TYC 4272-964-1,9.654999732971193,0.026000000536441803,11.036999702453613,0.05400000140070915,9.523651857487804,0.050244801123514767,2MASS J22263266+6352450,6.671999931335449,0.03099999949336052,7.385000228881836,0.03500000014901161,6.701991954227832,0.04244190595824317,2.8216599032599694,0.09268670708175794,4393.3322945345835,97.1230752586676,39.97000122070313,1.2799999713897705,7.532322665106142,0.2741352412766604,4.710662761846173,0.2663323461113888,0.66,0.04,4.64,0.03,9.63,0.49,0.69,0.05
95,  HIP 114156 ,4322,-0.02,rj59.1640,-6532.11914062,0.73299998045,14722.9453125,rj59.1640,t,j59,1640,2008-09-13 10:41,  HIP 114156 ,TYC 6972-529-1,9.722000122070312,0.028999999165534977,11.371000289916992,0.07100000232458115,9.562579299819607,0.05930599961712956,2MASS J23070705-2309335,6.421999931335449,0.017000000923871994,7.190999984741211,0.017999999225139618,6.450012574690273,0.02866178190146448,3.1125667251293367,0.08796778151859405,4184.466953929789,147.64327452416344,47.36000061035156,1.8799999952316284,7.939637796378754,0.32220992348588673,4.827071071249419,0.2915657057702217,0.63,0.04,4.66,0.03,9.62,0.51,0.66,0.05
101,  HIP 118261 ,4662,-0.04,rj59.1642,-1403.45898438,-0.0460000000894,14722.949218799999,rj59.1642,t,j59,1642,2008-09-13 10:46,  HIP 118261 ,TYC 6985-1016-1,8.821000099182129,0.0130000002682209,10.045000076293944,0.023000000044703484,8.704239763445448,0.02391016036305577,2MASS J23591371-2602554,6.113999843597412,0.023000000044703484,6.798999786376952,0.027000000700354576,6.1458059646280505,0.03403945697375608,2.558433798817397,0.057949617336811865,4607.525896335533,121.88040901707552,40.900001525878906,1.2599999904632568,6.7628563844944765,0.2377522793112917,4.204422585677079,0.2478815759219921,0.72,0.03,4.61,0.03,9.74,0.48,0.76,0.05
4,    HIP 4353 ,4587,0.17,rj59.1644,3500.61010742,-0.851000010967,14722.955078100002,rj59.1644,t,j59,1644,2008-09-13 10:55,    HIP 4353 ,TYC 6424-1799-1,9.588000297546387,0.02199999988079071,10.918999671936037,0.04600000008940697,9.461490997666077,0.04260807987175882,2MASS J00554926-2940336,6.571000099182129,0.019999999552965164,7.283999919891357,0.023000000044703484,6.600718332254367,0.03128636933550838,2.860772665411708,0.0738944492072672,4363.6428674211875,134.79174292847622,32.77000045776367,1.7100000381469729,7.038873234911223,0.4299341854609371,4.178100569499514,0.4186124749246867,0.7,0.04,4.62,0.03,9.73,0.5,0.73,0.05
2,    HIP 2247 ,4680,0.24,rj59.1645,4002.18603516,-0.33799999952299997,14722.958007799998,rj59.1645,t,j59,1645,2008-09-13 10:59,    HIP 2247 ,TYC 5840-482-1,9.696000099182127,0.023000000044703484,11.064000129699707,0.045000001788139336,9.565994258429068,0.04360808060016483,2MASS J00283433-1613343,6.914000034332275,0.024000000208616257,7.573999881744385,0.01899999938905239,6.94534521621215,0.0350497809931717,2.6206490422169177,0.07865786159333653,4554.5439870133205,94.30603850141158,26.63999938964844,1.399999976158142,6.6936653111695765,0.4573190637451156,4.073016268952657,0.4487607641381224,0.73,0.03,4.6,0.03,9.81,0.48,0.76,0.05
14,   HIP 12493 ,4350,-0.29,rj59.1982,20408.5136719,0.129999995232,14724.065429700002,rj59.1982,t,j59,1982,2008-09-14 13:34,   HIP 12493 ,TYC   47-611-1,9.673999786376953,0.023000000044703484,11.02400016784668,0.045000001788139336,9.545703807820944,0.04360808060016483,2MASS J02404288+0111554,6.5,0.017999999225139618,7.260000228881836,0.020999999716877937,6.528672233946133,0.02951619926247366,3.017031573874813,0.07312427986263849,4250.105678491916,158.67723334459504,44.84000015258789,1.4600000381469729,7.804031834825017,0.26311836838459435,4.7870002609502045,0.2490264870469032,0.64,0.04,4.65,0.03,9.64,0.5,0.67,0.05
98,  HIP 117492 ,4679,0.08,rj59.2270,8258.85742188,-22.3409996033,14725.0078125,rj59.2270,t,j59,2270,2008-09-15 12:11,  HIP 117492 ,TYC 2779-1178-1,9.498000144958496,0.024000000208616257,10.79800033569336,0.04600000008940697,9.374367467398947,0.04521420029893518,2MASS J23492893+3539509,6.631999969482423,0.023000000044703484,7.309000015258789,0.027000000700354576,6.6627254950511405,0.0341486076340544,2.711641972347807,0.07936280793298958,4479.730023090812,105.01577021490624,35.7400016784668,1.5,7.140140310226487,0.3488331210080681,4.428498337878684,0.3377675283431873,0.69,0.03,4.62,0.03,9.68,0.49,0.73,0.05
3,    HIP 3418 ,4546,0.02,rj59.2274,13267.9619141,0.922999978065,14725.0146484,rj59.2274,t,j59,2274,2008-09-15 12:21,    HIP 3418 ,TYC 2283-1056-1,8.878000259399414,0.014999999664723871,10.175999641418457,0.02800000086426735,8.754551689347322,0.02803157982503996,2MASS J00433289+3350412,5.938000202178955,0.016000000759959214,6.5920000076293945,0.017999999225139618,5.968179216235892,0.02684333552169104,2.7863724731114283,0.05487491534673099,4420.57362435174,157.0779598648178,48.15999984741211,1.0399999618530271,7.16798407371617,0.1702664239010802,4.3816116006047405,0.1690781795977313,0.69,0.04,4.63,0.03,9.67,0.49,0.72,0.05
15,   HIP 13375 ,4110,0.0,rj59.2281,23815.34375,-0.861999988556,14725.0302734,rj59.2281,t,j59,2281,2008-09-15 12:43,   HIP 13375 ,TYC 2334-540-1,9.730999946594238,0.032000001519918435,11.22599983215332,0.07100000232458115,9.588390009667604,0.06321518268503247,2MASS J02520697+3423236,6.297999858856201,0.019999999552965164,7.052999973297119,0.020999999716877937,6.324942091808032,0.031644965659297496,3.2634479178595734,0.09486014834433,4086.164779593224,159.55603697281475,70.19000244140625,1.6799999475479126,8.819766297258607,0.20128737526489354,5.556318379399032,0.16971715823915856,0.56,0.04,4.71,0.04,9.62,0.5,0.58,0.05
9,    HIP 6344 ,4383,-0.04,rj59.2284,13640.3056641,0.8199999928470001,14725.037109399998,rj59.2284,t,j59,2284,2008-09-15 12:53,    HIP 6344 ,TYC 4502-20-1,9.821999549865724,0.026000000536441803,11.31700038909912,0.06400000303983687,9.679389514390175,0.053275401620268815,2MASS J01213098+8009063,6.558000087738037,0.024000000208616257,7.324999809265138,0.029999999329447743,6.586145958350875,0.035678275630717536,3.093243556039302,0.08895367725098638,4197.522837592536,143.00084857849384,41.43999862670898,1.0499999523162842,7.7664881761150655,0.2284333725686017,4.6732446200757645,0.2108362465790504,0.65,0.04,4.65,0.03,9.65,0.5,0.67,0.04
40,   HIP 42567 ,4648,0.09,rj61.189,26611.8710938,-1.19900000095,14778.112304700002,rj61.189,t,j61,189,2008-11-07 14:41,   HIP 42567 ,TYC 2988-630-1,9.407999992370604,0.023000000044703484,10.670999526977539,0.045000001788139336,9.287743130828794,0.04360808060016483,2MASS J08403665+4306500,6.701000213623048,0.017000000923871994,7.369999885559082,0.019999999552965164,6.732814594511693,0.028040283031343424,2.5549285363170995,0.07164836363150827,4610.556288212727,97.95851312460873,32.290000915527344,1.3400000333786009,6.83308341748296,0.3529683773323332,4.27815488116586,0.33740057976351184,0.72,0.03,4.61,0.03,9.71,0.49,0.76,0.05
36,   HIP 40671 ,4612,0.06,rj61.190,28398.994140599996,-0.758000016212,14778.115234399998,rj61.190,t,j61,190,2008-11-07 14:45,   HIP 40671 ,TYC 2470-634-1,8.97599983215332,0.014000000432133676,10.263999938964844,0.027000000700354576,8.853468627175614,0.026425460775345563,2MASS J08181082+3036043,6.103000164031982,0.019999999552965164,6.776999950408936,0.019999999552965164,6.133665509437088,0.03096910527769428,2.7198031177385253,0.05739456605303984,4473.1710863120015,143.75994915314345,44.34000015258789,1.309999942779541,7.087447078540679,0.2263236973801009,4.367643960802154,0.23086734188244964,0.7,0.04,4.62,0.03,9.67,0.49,0.73,0.05
42,   HIP 43667 ,4554,0.01,rj61.192,28389.767578099996,-1.20200002193,14778.121093799999,rj61.192,t,j61,192,2008-11-07 14:54,   HIP 43667 ,TYC 2491-1077-1,9.281000137329102,0.020999999716877937,10.76200008392334,0.04600000008940697,9.139830141789325,0.041305019658170634,2MASS J08534726+3513197,6.486000061035156,0.020999999716877937,7.135000228881836,0.019999999552965164,6.517321032537787,0.03195387633714671,2.6225091092515367,0.07325889599531735,4552.983175574658,103.80006566763923,38.66999816894531,1.5,7.0767008993337335,0.3152821172881275,4.454191790082199,0.3059309739671036,0.7,0.04,4.62,0.03,9.65,0.49,0.73,0.05
7,    HIP 5247 ,4260,-0.22,rj61.408,404.33999633800005,0.873000025749,14778.8818359,rj61.408,t,j61,408,2008-11-08 09:09,    HIP 5247 ,TYC 4025-626-1,9.16100025177002,0.016000000759959214,10.654999732971193,0.03700000047683717,9.01849365786026,0.032062181134782736,2MASS J01070794+6356284,5.688000202178955,0.026000000536441803,6.4679999351501465,0.019999999552965164,5.714685344322923,0.037601127528705966,3.303808313537337,0.06966330866348873,4060.912322574595,209.29754792594073,66.45999908447266,1.2699999809265137,8.131295312660352,0.14456205909312153,4.8274869991230185,0.15010100548704478,0.62,0.04,4.67,0.03,9.62,0.5,0.64,0.04
29,   HIP 30979 ,4627,0.23,rj61.451,19480.359375,-1.0759999752,14779.0244141,rj61.451,t,j61,451,2008-11-08 12:35,   HIP 30979 ,TYC 5372-2047-1,9.237000465393066,0.016000000759959214,10.550999641418457,0.032000001519918435,9.112074430414928,0.030546881450898945,2MASS J06300731-1148321,6.406000137329103,0.017999999225139618,7.078999996185303,0.024000000208616257,6.436977408182483,0.028981034640206318,2.6750970222324435,0.05952791609110526,4509.402699030618,134.18039331867286,35.0,1.4900000095367432,6.832414652166305,0.34045239970846153,4.157317629933861,0.3388865528977689,0.72,0.03,4.61,0.03,9.75,0.49,0.75,0.05
32,   HIP 36551 ,4501,-0.3,rj61.466,27144.994140599996,-1.01900005341,14779.0693359,rj61.466,t,j61,466,2008-11-08 13:39,   HIP 36551 ,TYC  776-242-1,9.079999923706056,0.017999999225139618,10.435999870300293,0.035999998450279236,8.951135931931029,0.034365238520652056,2MASS J07310770+1436515,6.130000114440918,0.016000000759959214,6.835000038146973,0.019999999552965164,6.160199059819049,0.02715168001959871,2.790936872111982,0.061516918540250765,4417.025335388797,146.31787064250258,47.09000015258789,1.2799999713897705,7.315779391180965,0.2147274418504444,4.524842519068983,0.20751388334939105,0.68,0.04,4.63,0.03,9.65,0.5,0.71,0.05
12,   HIP 10416 ,4743,0.14,rj61.726,-8900.50195312,-0.190999999642,14779.880859399998,rj61.726,t,j61,726,2008-11-09 09:08,   HIP 10416 ,TYC 4693-252-1,8.670000076293945,0.016000000759959214,9.91100025177002,0.02800000086426735,8.551722918630494,0.029334641252197324,2MASS J02141357-0338063,6.014999866485598,0.019999999552965164,6.6599998474121085,0.023000000044703484,6.047142267831247,0.030844033215709967,2.5045806507992463,0.0601786744679073,4654.6270275976285,111.34971470829716,43.72999954223633,1.1799999475479126,6.7556202826239025,0.21271906471354504,4.251039631824658,0.21422845667705764,0.72,0.03,4.61,0.03,9.7,0.5,0.76,0.05
21,   HIP 17496 ,4489,-0.04,rj61.753,4331.03808594,0.9300000071529999,14779.990234399998,rj61.753,t,j61,753,2008-11-09 11:45,   HIP 17496 ,TYC  661-1291-1,9.270000457763672,0.020999999716877937,10.677000045776367,0.04399999976158142,9.136228626611144,0.040698899558819834,2MASS J03445108+1155118,6.203999996185303,0.017000000923871994,6.927000045776367,0.027000000700354576,6.233434250455152,0.028304106610447525,2.9027943761559927,0.06900300616926736,4332.324419460299,149.12368767340863,45.86999893188477,1.440000057220459,7.443872276706793,0.2507925065177505,4.5410779005508,0.2383977135693781,0.67,0.04,4.64,0.03,9.66,0.5,0.7,0.05
20,   HIP 17346 ,4613,0.07,rj61.763,-1134.7869873,1.6679999828299998,14780.019531200001,rj61.763,t,j61,763,2008-11-09 12:28,   HIP 17346 ,TYC 6447-596-1,9.319000244140623,0.017000000923871994,10.651000022888184,0.03400000184774399,9.192397331457205,0.03245606176383793,2MASS J03424468-2427582,6.441999912261963,0.019999999552965164,7.133999824523926,0.027000000700354576,6.472684198983949,0.03111129898694058,2.7197131324732533,0.06356736075077851,4473.2432721796,133.16714323306027,38.560001373291016,1.4199999570846558,7.12308253494684,0.2927886953258237,4.4033694024735865,0.2914439325489264,0.69,0.04,4.62,0.03,9.68,0.5,0.73,0.05
19,   HIP 15673 ,4654,-0.46,rj61.785,6048.92675781,3.2829999923699997,14780.072265600002,rj61.785,t,j61,785,2008-11-09 13:44,   HIP 15673 ,TYC 3323-1143-1,9.15999984741211,0.017999999225139618,10.354000091552734,0.03099999949336052,9.04589047343278,0.03284993883676827,2MASS J03215472+5219531,6.452000141143799,0.027000000700354576,7.118000030517577,0.04100000113248825,6.483761064261669,0.038052168881391804,2.5621294091711118,0.07090210771816008,4604.336231099586,100.14398687569224,44.02999877929688,1.2400000095367432,7.264633840527749,0.22382787484859445,4.702504431356637,0.229030104893218,0.67,0.04,4.64,0.04,9.55,0.49,0.71,0.06
25,   HIP 25220 ,4613,0.05,rj61.791,16154.276367200002,1.5030000209799999,14780.083007799998,rj61.791,t,j61,791,2008-11-09 13:59,   HIP 25220 ,TYC 1300-284-1,8.059000015258789,0.0130000002682209,9.357000350952148,0.020999999716877937,7.935551357496711,0.023304040263704955,2MASS J05233836+1719267,5.227000236511231,0.023000000044703484,5.875999927520753,0.026000000536441803,5.257935460011139,0.03384950082255948,2.6776158974855706,0.05715354108626443,4507.341525580417,138.58145479713787,69.76000213623047,1.5,7.153583783615327,0.14762960068850456,4.475967886129759,0.15817506124735908,0.69,0.04,4.63,0.04,9.66,0.49,0.72,0.05
39,   HIP 41443 ,4613,0.01,rj63.778,21556.2519531,-1.0909999609,14808.025390600002,rj63.778,t,j63,778,2008-12-07 12:36,   HIP 41443 ,TYC 1947-620-1,9.678999900817873,0.02800000086426735,11.00100040435791,0.05700000002980232,9.553330441980057,0.0537601011352241,2MASS J08271146+2855524,6.88700008392334,0.024000000208616257,7.579999923706055,0.01899999938905239,6.918278012788564,0.0352906007462345,2.6350524291914907,0.08905070188145861,4542.492614003546,78.35177755137296,32.709999084472656,1.4199999570846558,7.126733101827147,0.3761620638215574,4.4916806726356535,0.35769256343256783,0.69,0.04,4.62,0.03,9.67,0.5,0.73,0.05
48,   HIP 47201 ,4122,0.03,rj63.779,26908.453125,-2.19199991226,14808.028320299998,rj63.779,t,j63,779,2008-12-07 12:40,   HIP 47201 ,TYC 1959-1522-1,9.569000244140623,0.028999999165534977,11.038000106811523,0.06700000166893005,9.429053905263252,0.05809375941842794,2MASS J09371136+2241393,6.3369998931884775,0.023000000044703484,7.0320000648498535,0.019999999552965164,6.365278798234455,0.03432436042690182,3.0637751070287984,0.09241811984532976,4217.646494483673,132.59703338424143,45.5099983215332,1.4900000095367432,7.719588002708546,0.2777620658895095,4.655812895679748,0.2539926668979834,0.65,0.04,4.65,0.03,9.64,0.5,0.68,0.05
60,   HIP 57274 ,4641,0.08,rj63.1370,27247.724609400004,-3.9660000801099997,14810.037109399998,rj63.1370,t,j63,1370,2008-12-09 12:53,   HIP 57274 ,TYC 2524-2128-1,9.109000205993652,0.017000000923871994,10.420999526977539,0.03099999949336052,8.984259502233881,0.031546881050318484,2MASS J11444095+3057339,6.285999774932861,0.020999999716877937,6.958000183105469,0.01899999938905239,6.3170311094572495,0.032002002567570687,2.667228392776628,0.06354888361788916,4515.856876545943,126.25556339522743,38.650001525878906,1.0900000333786009,6.92000707923403,0.23077159186201104,4.252778686457401,0.2312267133792632,0.71,0.03,4.61,0.03,9.71,0.49,0.75,0.05
49,   HIP 48139 ,4548,0.22,rj63.1375,12047.0722656,-1.4409999847400001,14810.0625,rj63.1375,t,j63,1375,2008-12-09 13:30,   HIP 48139 ,TYC 4383-412-1,9.72599983215332,0.019999999552965164,11.229000091552734,0.04399999976158142,9.58256093421334,0.03939583934523165,2MASS J09484984+6945559,6.820000171661378,0.017999999225139618,7.497000217437744,0.023000000044703484,6.850583347932565,0.029062879111362364,2.731977586280774,0.06845871845659401,4463.432088775288,126.42454254059204,31.15999984741211,1.3899999856948853,7.0505481685824565,0.3753874211086741,4.318570582301682,0.3650544608748048,0.7,0.03,4.62,0.03,9.7,0.49,0.73,0.05
47,   HIP 46417 ,4475,-0.06,rj63.1377,6839.02783203,-0.7319999933239999,14810.0771484,rj63.1377,t,j63,1377,2008-12-09 13:51,   HIP 46417 ,TYC 4547-495-1,9.41100025177002,0.017000000923871994,10.805999755859377,0.035999998450279236,9.278396427963576,0.033062180734202265,2MASS J09275618+8034488,6.291999816894531,0.019999999552965164,7.0250000953674325,0.024000000208616257,6.321062467245262,0.031322711896443936,2.9573339607183122,0.0643848926306462,4292.548340526686,164.89091821260897,43.540000915527344,1.0499999523162842,7.472838597149089,0.19718333938334132,4.5155046364307765,0.19544387054558304,0.67,0.04,4.64,0.03,9.66,0.5,0.7,0.05
97,  HIP 117197 ,4153,-0.38,rj63.1594,-22942.8632812,-22.0690002441,14810.7822266,rj63.1594,t,j63,1594,2008-12-10 06:46,  HIP 117197 ,TYC 2779-1524-1,9.97700023651123,0.035999998450279236,11.618000030517578,0.09200000017881392,9.81850033774564,0.07479167803481221,2MASS J23454949+3615181,6.546999931335449,0.020999999716877937,7.320000171661378,0.03700000047683717,6.574093765123969,0.03284377261397328,3.2444065726216698,0.10763545064878548,4098.226596508763,134.5971743927862,50.77999877929688,1.5800000429153442,8.346963768234017,0.2761510380851585,5.102557195612345,0.2342031326643196,0.6,0.04,4.68,0.03,9.63,0.5,0.62,0.05
45,   HIP 45839 ,4590,0.05,rj63.1698,25683.1953125,0.9100000262260001,14811.137695299998,rj63.1698,t,j63,1698,2008-12-10 15:18,   HIP 45839 ,TYC 4892-471-1,9.30500030517578,0.026000000536441803,10.670999526977539,0.052000001072883606,9.175185385548804,0.04963868102416396,2MASS J09204431-0545144,6.26800012588501,0.028999999165534977,6.965000152587892,0.017999999225139618,6.297584283405717,0.0403215138429485,2.8776011021430863,0.08996019486711246,4351.029509265918,109.62466996756828,41.400001525878906,1.3799999952316284,7.2601871711872095,0.28013861221089675,4.382586069044123,0.2708214450296813,0.68,0.03,4.63,0.03,9.71,0.5,0.72,0.04
50,   HIP 48411 ,4505,0.2,rj63.1699,27984.681640599996,0.456000000238,14811.140625,rj63.1699,t,j63,1699,2008-12-10 15:22,   HIP 48411 ,TYC  240-2143-1,9.00100040435791,0.017999999225139618,10.454000473022461,0.03999999910593033,8.862670741389103,0.03557747871935367,2MASS J09521136+0313184,5.955999851226808,0.016000000759959214,6.696000099182129,0.024000000208616257,5.985631686948423,0.027343953415869482,2.877039054440682,0.06292143213522315,4351.449234787963,155.89238961490378,47.68999862670898,1.5299999713897705,7.254807291028272,0.24757226129704524,4.377768236587594,0.23933873599356106,0.68,0.04,4.63,0.03,9.67,0.49,0.72,0.05
53,   HIP 51443 ,4505,-0.05,rj63.1700,26641.7617188,-0.09000000357629999,14811.144531200001,rj63.1700,t,j63,1700,2008-12-10 15:28,   HIP 51443 ,TYC 6073-993-1,9.720999717712402,0.032000001519918435,11.255999565124512,0.07500000298023224,9.574199466026556,0.06442742288373411,2MASS J10302201-2114125,6.816999912261963,0.020999999716877937,7.502999782562256,0.023000000044703484,6.847630101553272,0.03230979838290258,2.7265693644732822,0.0967372212666367,4467.7517224687845,77.22753597380341,33.34999847412109,1.5099999904632568,7.189678557936951,0.3987790573956121,4.463109193463668,0.3666614328947806,0.69,0.03,4.63,0.03,9.71,0.49,0.72,0.05
57,   HIP 54810 ,4256,0.03,rj63.1701,30312.824218799997,-0.716000020504,14811.1484375,rj63.1701,t,j63,1701,2008-12-10 15:33,   HIP 54810 ,TYC  266-586-1,8.848999977111816,0.014999999664723871,10.314000129699707,0.02800000086426735,8.709459357046411,0.02803157982503996,2MASS J11131322+0428562,5.853000164031982,0.017999999225139618,6.552999973297119,0.023000000044703484,5.882944980291201,0.029100735879374024,2.8265143767552097,0.057132315704413975,4389.61874766112,158.74001622676275,55.72000122070313,1.2899999618530271,7.439514943378242,0.17319001265449413,4.613000566623033,0.1742591687088282,0.67,0.04,4.64,0.03,9.63,0.49,0.7,0.05
41,   HIP 43534 ,4100,-0.13,rj67.494,-20535.4257812,2.02399992943,14928.8427734,rj67.494,t,j67,494,2009-04-07 08:13,   HIP 43534 ,TYC 4134-609-1,9.404999732971193,0.014000000432133676,11.015000343322754,0.032999999821186066,9.250016116157783,0.02824382050890476,2MASS J08520035+6607536,5.994999885559082,0.028999999165534977,6.723999977111816,0.026000000536441803,6.022164845373205,0.04034321915698668,3.2278512707845763,0.06858703966589144,4108.792220704294,198.884624648936,60.63000106811523,1.4099999666213991,8.163453995587318,0.16979177095676726,4.935602724802742,0.1818911696048492,0.61,0.04,4.67,0.03,9.63,0.5,0.64,0.04
44,   HIP 45042 ,4476,0.17,rj67.495,-17745.4179688,1.81500005722,14928.846679700002,rj67.495,t,j67,495,2009-04-07 08:19,   HIP 45042 ,TYC 4382-1536-1,10.23799991607666,0.029999999329447743,11.751999855041506,0.06499999761581421,10.093413907840588,0.05879069840367882,2MASS J09102726+7324240,7.080999851226808,0.017000000923871994,7.820000171661378,0.024000000208616257,7.109885242451519,0.028510561405588164,2.98352866538907,0.08730125980926698,4273.786241568111,129.43430027672207,28.96999931335449,1.4800000190734863,7.403156332391268,0.4516654525669755,4.419627667002196,0.4213853155688849,0.67,0.04,4.64,0.03,9.67,0.5,0.7,0.05
46,   HIP 46343 ,4529,0.03,rj67.496,-16596.052734399997,1.6360000371899999,14928.8505859,rj67.496,t,j67,496,2009-04-07 08:24,   HIP 46343 ,TYC 4541-1894-1,9.145999908447266,0.014999999664723871,10.531999588012695,0.029999999329447743,9.014266620809533,0.028637699359897517,2MASS J09265320+7556034,6.136000156402588,0.016000000759959214,6.827000141143799,0.01899999938905239,6.165782025665616,0.02703844356455366,2.8484845951439177,0.05567614292445118,4372.913851685803,164.2971851135313,49.84000015258789,1.0399999618530271,7.502156795713179,0.16452441583157215,4.653672200569262,0.16292516003622828,0.66,0.04,4.64,0.03,9.62,0.49,0.69,0.05
52,   HIP 50960 ,4187,-0.06,rj67.498,-15067.9775391,0.8970000147820001,14928.859375,rj67.498,t,j67,498,2009-04-07 08:37,   HIP 50960 ,TYC 4542-1115-1,10.604999542236328,0.04199999943375588,12.371999740600586,0.1589999943971634,10.43130914008184,0.10291505756415427,2MASS J10242576+7728155,7.261000156402588,0.020999999716877937,8.032999992370605,0.026000000536441803,7.288806298603765,0.03302536121597529,3.142502841478076,0.13594041878012955,4164.455123739234,70.02586803323547,33.720001220703125,1.5399999618530271,8.070747048455184,0.43907356675668535,4.928244206977108,0.3691838704085064,0.62,0.04,4.67,0.03,9.64,0.51,0.65,0.05
54,   HIP 53327 ,4390,-0.79,rj67.499,-14753.745117200002,0.51599997282,14928.864257799998,rj67.499,t,j67,499,2009-04-07 08:44,   HIP 53327 ,TYC 4549-1314-1,9.58899974822998,0.01899999938905239,10.826000213623047,0.035999998450279236,9.47108045328737,0.03566829873424024,2MASS J10542660+7603565,6.5939998626708975,0.020999999716877937,7.315000057220459,0.020999999716877937,6.623820825740482,0.03228448277777035,2.8472596275468893,0.06795278151201059,4373.840879946249,143.08249255595774,44.91999816894531,1.0399999618530271,7.73327910271967,0.1916637001857049,4.886019475172781,0.18827988422923506,0.64,0.04,4.65,0.03,9.6,0.51,0.67,0.05
58,   HIP 55507 ,4104,-0.05,rj67.500,-16950.173828100003,0.157000005245,14928.871093799999,rj67.500,t,j67,500,2009-04-07 08:54,   HIP 55507 ,TYC 3451-1075-1,9.951000213623047,0.029999999329447743,11.602999687194824,0.07199999690055847,9.791232693420133,0.06091211818691342,2MASS J11220574+4654300,6.61299991607666,0.020999999716877937,7.367000102996826,0.020999999716877937,6.64073176070423,0.03263170003091859,3.1505009327159,0.09354381821783203,4159.152165877068,143.93813069149851,40.36000061035156,1.4800000190734863,7.820988514082988,0.3165107644297478,4.670487581367088,0.2882303462737529,0.64,0.04,4.65,0.03,9.66,0.51,0.67,0.05
59,   HIP 56630 ,3960,-0.01,rj67.502,-15776.728515600002,0.097000002861,14928.879882799998,rj67.502,t,j67,502,2009-04-07 09:07,   HIP 56630 ,TYC 3013-1623-1,10.13700008392334,0.032000001519918435,11.770000457763672,0.07199999690055847,9.97941543114264,0.06351824104122818,2MASS J11364081+3911270,6.611000061035156,0.020999999716877937,7.425000190734862,0.026000000536441803,6.637452710730523,0.032963070905117985,3.3419627204121185,0.09648131194634617,4037.4231773441993,169.60279917089773,40.9900016784668,1.5499999523162842,8.042805111643037,0.3258199054519721,4.700842391230919,0.29526473531586195,0.63,0.04,4.66,0.03,9.65,0.51,0.65,0.05
61,   HIP 57493 ,4168,0.06,rj67.503,-15074.1103516,0.0179999992251,14928.8828125,rj67.503,t,j67,503,2009-04-07 09:11,   HIP 57493 ,TYC 3454-1692-1,9.63599967956543,0.017999999225139618,11.270999908447266,0.04399999976158142,9.478186733875258,0.0367897189180553,2MASS J11470350+5058184,6.414000034332275,0.026000000536441803,7.171999931335449,0.024000000208616257,6.44253992671983,0.03752580655076982,3.0356468071554286,0.07431552546882511,4237.098954016445,159.40613251257415,40.61000061035156,1.5199999809265137,7.521351713961779,0.2971785132703991,4.48570490680635,0.2979146009031137,0.66,0.04,4.64,0.03,9.65,0.5,0.69,0.05
62,   HIP 59496 ,4122,-0.01,rj67.505,-13358.9892578,-0.250999987125,14928.888671899998,rj67.505,t,j67,505,2009-04-07 09:19,   HIP 59496 ,TYC 3840-178-1,10.140000343322754,0.02800000086426735,11.78499984741211,0.06400000303983687,9.981040737629387,0.055881522047445176,2MASS J12120522+5855351,6.831999778747559,0.016000000759959214,7.568999767303468,0.019999999552965164,6.859919990474294,0.027467496421214568,3.1211207471550937,0.08334901846865975,4178.722242946971,156.87351395553475,35.2400016784668,1.2400000095367432,7.716220339755777,0.3115108334430379,4.595099592600686,0.2830968078168073,0.65,0.04,4.65,0.03,9.66,0.51,0.68,0.05
69,   HIP 66074 ,4460,0.23,rj67.532,-10359.1591797,1.47099995613,14929.013671899998,rj67.532,t,j67,532,2009-04-07 12:19,   HIP 66074 ,TYC 4558-1471-1,10.446000099182127,0.04100000113248825,11.67300033569336,0.0729999989271164,10.32897286309075,0.07554884115055202,2MASS J13324101+7500248,7.182000160217285,0.016000000759959214,7.9099998474121085,0.024000000208616257,7.209925731299009,0.02756417094576749,3.1190471317917394,0.10311301209631953,4180.112886307485,122.67736024760978,27.8799991607666,1.1599999666213991,7.5554366448557495,0.3989814819367181,4.436389513064012,0.35099681173193353,0.66,0.03,4.64,0.03,9.7,0.5,0.69,0.04
79,   HIP 79698 ,4256,0.26,rj68.544,2189.51806641,0.0630000010133,14955.997070299998,rj68.544,t,j68,544,2009-05-04 11:55,   HIP 79698 ,TYC 2586-1666-1,9.847999572753906,0.027000000700354576,11.342000007629395,0.059999998658895486,9.705492880361486,0.05336622050616889,2MASS J16155493+3549159,6.724999904632568,0.019999999552965164,7.395999908447266,0.01899999938905239,6.754040654620862,0.031142582068475918,2.951452225740624,0.08450880257464483,4296.7913728849135,129.54259377399222,32.389999389648445,1.1100000143051147,7.257547579493519,0.3086060953531344,4.306095353752896,0.2863824569154414,0.68,0.03,4.63,0.03,9.73,0.49,0.72,0.04
5,    HIP 4454 ,4671,-0.55,rj76.1319,15651.606445299998,0.6930000185969999,15080.043945299998,rj76.1319,t,j76,1319,2009-09-05 13:03,    HIP 4454 ,TYC 4296-563-1,9.25,0.016000000759959214,10.545000076293944,0.032000001519918435,9.126827071941163,0.030546881450898945,2MASS J00570437+6902363,6.459000110626223,0.017000000923871994,7.113999843597412,0.019999999552965164,6.49022855962902,0.02787640294656208,2.636598512312143,0.05842328439746103,4541.203729892853,131.0504885820788,41.45000076293945,1.0099999904632568,7.214449786341309,0.1989787478931419,4.577851274029166,0.19630826938880505,0.68,0.04,4.63,0.03,9.6,0.49,0.72,0.05
93,  HIP 112496 ,4778,0.04,rj76.2110,1112.65002441,3.52699995041,15084.064453100002,rj76.2110,t,j76,2110,2009-09-09 13:32,  HIP 112496 ,TYC 1701-867-1,9.159000396728516,0.017000000923871994,10.407999992370604,0.032000001519918435,9.040005631771592,0.031849941664487125,2MASS J22471356+1823042,6.429999828338622,0.016000000759959214,7.0250000953674325,0.020999999716877937,6.461574411287635,0.026570807115153482,2.578431220483957,0.05842074877964061,4590.330736502383,123.59908359830736,37.58000183105469,1.2799999713897705,6.914789616397336,0.27453955985094325,4.336358395913379,0.2692604253016096,0.71,0.04,4.62,0.04,9.67,0.5,0.75,0.05
27,   HIP 29548 ,4528,-0.1,rj81.607,-253.66700744599999,-1.13300001621,15189.8896484,rj81.607,t,j81,607,2009-12-24 09:21,   HIP 29548 ,TYC 4099-1786-1,9.819000244140623,0.027000000700354576,11.270000457763672,0.06199999898672104,9.680871483271169,0.05397234060551971,2MASS J06133528+6323388,6.629000186920166,0.016000000759959214,7.427999973297119,0.07699999958276749,6.657668897800892,0.02783177820150274,3.023202585470273,0.08180411880702246,4245.782057363173,144.71568822606199,40.38000106811523,1.4099999666213991,7.711703113748168,0.29732367563471906,4.688500528277894,0.2711831132307021,0.65,0.04,4.65,0.03,9.64,0.5,0.68,0.05
23,   HIP 19981 ,4605,0.27,rj81.637,-13699.364257799998,2.25500011444,15189.951171899998,rj81.637,t,j81,637,2009-12-24 10:49,   HIP 19981 ,TYC 1815-1907-1,9.901000022888184,0.029999999329447743,11.279000282287598,0.06400000303983687,9.770036664422408,0.058487640047483136,2MASS J04170685+2240241,6.840000152587892,0.027000000700354576,7.519999980926514,0.023000000044703484,6.869405807626268,0.03828575960523938,2.900630856796141,0.09677339965272252,4333.92244247435,101.21408802137769,30.559999465942386,1.5199999809265137,7.195803375992654,0.4352165227418915,4.295172519196512,0.4150146422996478,0.69,0.03,4.62,0.03,9.74,0.5,0.72,0.04
51,   HIP 48740 ,4577,0.02,rj81.662,21327.3144531,-1.875,15190.012695299998,rj81.662,t,j81,662,2009-12-24 12:18,   HIP 48740 ,TYC 2502-1137-1,10.194000244140623,0.032999999821186066,11.810999870300293,0.07800000160932541,10.038229841597383,0.06663966025471688,2MASS J09563007+3144182,7.117000102996826,0.024000000208616257,7.822999954223633,0.023000000044703484,7.146494476141817,0.03545227316529803,2.891735365455567,0.10209193342001492,4340.509214206922,90.83217123012,29.920000076293945,1.5399999618530271,7.418037793096608,0.4588554167413562,4.526302427641042,0.4276680296519374,0.67,0.04,4.64,0.03,9.69,0.5,0.7,0.04
34,   HIP 38969 ,4761,0.26,rj82.220,10599.1826172,1.44000005722,15197.049804700002,rj82.220,t,j82,220,2009-12-31 13:11,   HIP 38969 ,TYC 5982-1843-1,9.480999946594238,0.01899999938905239,10.798999786376953,0.03700000047683717,9.355702586069027,0.03597135934840888,2MASS J07582559-1501132,6.533999919891357,0.020999999716877937,7.230000019073486,0.023000000044703484,6.564185649349768,0.032160492579316004,2.791516936719261,0.06813185192772489,4416.574929990295,135.05871042927942,30.20000076293945,1.2300000190734863,6.75573735571246,0.34550636405502955,3.9642204189932,0.3416954972859367,0.73,0.03,4.6,0.03,9.81,0.48,0.76,0.05
55,   HIP 54459 ,4469,-0.52,rj82.240,26502.9472656,-1.02300000191,15197.078125,rj82.240,t,j82,240,2009-12-31 13:52,   HIP 54459 ,TYC 1430-351-1,9.829999923706056,0.027000000700354576,11.17300033569336,0.05299999937415123,9.7023643029268,0.0512448007229343,2MASS J11083174+1546041,6.823999881744385,0.020999999716877937,7.540999889373777,0.01899999938905239,6.853807696596338,0.032371668931304325,2.8485566063304617,0.08361646965423862,4372.8593712042975,116.41474383290456,38.61000061035156,1.7100000381469729,7.635863345373943,0.364213376634878,4.787306739043482,0.345340244843248,0.65,0.04,4.65,0.03,9.62,0.5,0.68,0.05
18,   HIP 15563 ,4718,0.16,rj86.134,-27448.8125,3.1129999160799997,15260.746093799999,rj86.134,t,j86,134,2010-03-05 05:54,   HIP 15563 ,TYC  649-5-1,9.722999572753906,0.032000001519918435,11.038000106811523,0.06400000303983687,9.59798066782797,0.06109376290179789,2MASS J03202921+0827161,6.88100004196167,0.023000000044703484,7.545000076293945,0.024000000208616257,6.911891210300517,0.034190719421550365,2.686089457527455,0.09528448232334827,4500.4251199343435,74.33743042945925,34.18000030517578,1.7000000476837158,7.26684097913953,0.42572037814671065,4.580751521612075,0.3988173346664631,0.68,0.04,4.63,0.03,9.63,0.49,0.72,0.05
24,   HIP 20359 ,4547,-0.04,rj86.173,-27128.998046900004,3.91499996185,15260.824218799999,rj86.173,t,j86,173,2010-03-05 07:46,   HIP 20359 ,TYC 3333-840-1,9.6899995803833,0.027000000700354576,11.104999542236328,0.0560000017285347,9.555444343095292,0.052153981436453764,2MASS J04213589+4820130,6.752999782562256,0.017000000923871994,7.478000164031982,0.023000000044703484,6.783350978841032,0.028390917771630143,2.7720933642542613,0.0805448992080839,4431.7216817976705,111.12850938122988,32.580001831054695,1.9500000476837158,7.120199864998402,0.497173204026217,4.348106500744144,0.4734101403613934,0.69,0.04,4.62,0.03,9.71,0.5,0.73,0.05
56,   HIP 54651 ,4395,-0.89,rj86.215,4592.23095703,1.2070000171700002,15261.0009766,rj86.215,t,j86,215,2010-03-05 12:01,   HIP 54651 ,TYC 5504-85-1,9.383000373840332,0.02199999988079071,10.666999816894533,0.0430000014603138,9.260834944277814,0.04169890028722584,2MASS J11111076-1057038,6.334000110626223,0.019999999552965164,7.105999946594237,0.026000000536441803,6.363522586211277,0.031585729515758755,2.897312358066535,0.07328462980298459,4336.3765819483615,141.0036558170208,47.849998474121094,1.2599999904632568,7.660244585596484,0.2155075534575769,4.762932227529948,0.20539438268610985,0.65,0.04,4.65,0.03,9.63,0.5,0.68,0.05
68,   HIP 64262 ,4639,-0.25,rj90.711,-14186.490234399998,-1.3780000209799999,15320.8115234,rj90.711,t,j90,711,2010-05-04 07:28,   HIP 64262 ,TYC  884-191-1,9.380000114440918,0.024000000208616257,10.687000274658203,0.04899999871850014,9.255721864547557,0.04612337988346815,2MASS J13101698+0932097,6.688000202178955,0.023000000044703484,7.339000225067139,0.026000000536441803,6.719930230448183,0.034020620981955296,2.535791634099376,0.08014400086542345,4627.1870978673805,80.9993660458058,35.86999893188477,1.440000057220459,7.029378683266593,0.3362247153839119,4.493587049167217,0.32412195648239905,0.7,0.04,4.62,0.04,9.62,0.49,0.74,0.06
70,   HIP 66222 ,3861,-0.11,rj90.713,-10896.4589844,-1.5190000534099999,15320.822265600002,rj90.713,t,j90,713,2010-05-04 07:44,   HIP 66222 ,TYC  310-369-1,10.168999671936037,0.035999998450279236,11.635000228881836,0.07599999755620956,10.029357672971855,0.06994271724000573,2MASS J13342150+0440026,6.3379998207092285,0.023000000044703484,7.2129998207092285,0.027000000700354576,6.3622384295454255,0.035338490493251766,3.6671192434264297,0.1052812077332575,3850.8407072409705,211.2316466086231,48.77999877929688,1.6200000047683716,8.470566598520046,0.2877623531108502,4.803447355093615,0.2531581263640963,0.59,0.04,4.69,0.03,9.64,0.5,0.61,0.05
71,   HIP 66283 ,4880,0.18,rj90.714,-11112.3076172,-1.4090000391,15320.8271484,rj90.714,t,j90,714,2010-05-04 07:51,   HIP 66283 ,TYC  313-555-1,9.045999526977539,0.01899999938905239,10.286999702453613,0.03400000184774399,8.927722369314088,0.035062179763875906,2MASS J13350631+0650276,6.492000102996826,0.017999999225139618,7.0879998207092285,0.023000000044703484,6.524804294702122,0.028616895979402063,2.4029180746119647,0.06367907574327797,4746.789614517157,93.04974065436436,30.76000022888184,1.1399999856948853,6.367654041118746,0.3152467610989177,3.9647359665067796,0.30880147731444385,0.76,0.04,4.58,0.04,9.82,0.48,0.8,0.05
67,   HIP 64048 ,4615,0.08,rj90.745,-16101.453125,1.59599995613,15320.931640600002,rj90.745,t,j90,745,2010-05-04 10:21,   HIP 64048 ,TYC 2534-1499-1,9.43299961090088,0.019999999552965164,10.883000373840332,0.045000001788139336,9.29497115685526,0.039698899959400284,2MASS J13073508+3424060,6.420000076293945,0.023000000044703484,7.13100004196167,0.023000000044703484,6.44982566514154,0.03427990380100115,2.8451454917137213,0.07397880376040145,4375.442019906827,132.45781033206558,41.900001525878906,1.5199999809265137,7.406041350765588,0.2896075584923369,4.5608958590518665,0.2841885623339377,0.67,0.04,4.64,0.03,9.66,0.5,0.7,0.05
96,  HIP 115004 ,4684,-0.11,rj94.293,23892.7949219,0.884000003338,15397.1162109,rj94.293,t,j94,293,2010-07-19 14:47,  HIP 115004 ,TYC 1161-37-1,9.82800006866455,0.032000001519918435,11.06999969482422,0.06199999898672104,9.709633390726307,0.0604876416734606,2MASS J23173230+0941364,6.798999786376952,0.017000000923871994,7.526000022888184,0.023000000044703484,6.828590369497436,0.02845992240627396,2.881043021228872,0.08894756407973456,4348.4614744478895,111.84714549555895,26.959999084472656,1.399999976158142,6.863232756302272,0.4679416874507677,3.982189735073403,0.435913968183581,0.71,0.03,4.61,0.03,9.83,0.48,0.74,0.04
78,   HIP 78999 ,4504,0.24,rj95.15,-24365.3769531,1.9279999733000002,15399.853515600002,rj95.15,t,j95,15,2010-07-22 08:29,   HIP 78999 ,TYC 5041-107-1,10.553999900817873,0.059000000357627876,12.095999717712402,0.1599999964237213,10.40645434188338,0.12537013938218355,2MASS J16073430-0542257,7.1040000915527335,0.017999999225139618,7.894000053405763,0.019999999552965164,7.130893136627492,0.03024540305673332,3.2755612052558885,0.15561554243891687,4078.541332999474,57.37237960335018,27.86000061035156,2.799999952316284,7.631359949895308,0.9067866307634628,4.355798744639418,0.8116618944380124,0.63,0.04,4.66,0.03,9.75,0.52,0.65,0.04
86,  HIP 101262 ,4774,0.19,rj95.1319,5460.15185547,2.5569999218,15406.046875,rj95.1319,t,j95,1319,2010-07-28 13:07,  HIP 101262 ,TYC 2693-1563-1,9.335000038146973,0.016000000759959214,10.663000106811523,0.032000001519918435,9.208771099724672,0.030546881450898945,2MASS J20313207+3346331,6.497000217437744,0.017999999225139618,7.13700008392334,0.020999999716877937,6.5279035237205525,0.028808622279315993,2.680867576004119,0.05935550373021493,4504.684220828372,135.2350055659374,38.18000030517578,1.1699999570846558,7.1179507373696635,0.2478402144351237,4.437083161365544,0.2461019552635408,0.69,0.04,4.63,0.03,9.66,0.49,0.73,0.05
76,   HIP 77908 ,4612,0.28,rj95.1497,-26479.1152344,1.9160000085799997,15406.825195299998,rj95.1497,t,j95,1497,2010-07-29 07:48,   HIP 77908 ,TYC 6783-2164-1,9.347000122070312,0.023000000044703484,10.67300033569336,0.04600000008940697,9.220957873458305,0.043911140085347,2MASS J15543843-2600150,6.235000133514402,0.024000000208616257,6.949999809265138,0.01899999938905239,6.264047436627238,0.035334010572150416,2.9569104368310626,0.07924515065749743,4292.853494885782,139.35740279988107,39.45000076293945,8.880000114440918,7.2011929531804775,1.6240255149873448,4.244282516349415,1.6154483854741484,0.67,0.05,4.64,0.04,9.66,0.5,0.7,0.06
99,  HIP 117559 ,4581,0.07,rj97.2424,14815.212890600002,1.5340000391,15437.058593799999,rj97.2424,t,j97,2424,2010-08-28 13:24,  HIP 117559 ,TYC 2767-1913-1,9.44499969482422,0.02199999988079071,11.02400016784668,0.052000001072883606,9.293452430013154,0.04442644016981125,2MASS J23502786+3021117,6.392000198364258,0.024000000208616257,7.091000080108643,0.023000000044703484,6.421626818761737,0.035259782308206165,2.871825611251416,0.0796862224780174,4355.347600418452,126.419896292398,40.2400016784668,1.3600000143051147,7.316742380827665,0.2802198141987266,4.444916769576248,0.2710531563371215,0.68,0.03,4.63,0.03,9.69,0.5,0.71,0.05
91,  HIP 109980 ,4580,0.0,rj97.2606,9767.40722656,3.1050000190700002,15438.052734399998,rj97.2606,t,j97,2606,2010-08-29 13:15,  HIP 109980 ,TYC 4463-938-1,9.336000442504883,0.017999999225139618,10.80500030517578,0.03999999910593033,9.19605410362751,0.03557747871935367,2MASS J22163180+6820231,6.401999950408936,0.019999999552965164,7.0920000076293945,0.028999999165534977,6.432374436950967,0.031125148358810462,2.7636796666765413,0.06670262707816413,4438.324487452722,133.71208712982624,41.68999862670898,0.8799999952316284,7.296213507729527,0.1812205559920702,4.532533841052985,0.17676822563152694,0.68,0.04,4.63,0.03,9.65,0.5,0.71,0.05
8,    HIP 5663 ,4357,-0.05,rj128.549,22228.3457031,1.35199999809,15771.0791016,rj128.549,t,j128,549,2011-07-28 13:53,    HIP 5663 ,TYC 6425-1223-1,9.699999809265137,0.023000000044703484,11.260000228881836,0.05799999833106995,9.55052066822172,0.04754785955246538,2MASS J01124611-2514082,6.414999961853027,0.017000000923871994,7.203000068664551,0.023000000044703484,6.443067730359008,0.02868159669345956,3.1074529378627123,0.07622945624592495,4187.911468287662,166.9806847959264,45.4000015258789,1.5499999523162842,7.835800005489702,0.2767949158795259,4.728347067626992,0.25792865302052004,0.64,0.04,4.65,0.03,9.67,0.5,0.66,0.05
1,    HIP 1532 ,3956,-0.37,rj131.363,9107.53808594,2.9760000705699996,15808.123046899998,rj131.363,t,j131,363,2011-09-03 14:57,    HIP 1532 ,TYC 5261-677-1,10.086999893188477,0.03400000184774399,11.557000160217285,0.0729999989271164,9.94695191050875,0.06642742208257317,2MASS J00190556-0957530,6.548999786376952,0.020999999716877937,7.375999927520753,0.019999999552965164,6.575257539350712,0.03304398009724301,3.3716943711580374,0.09947140217981618,4019.3705441757866,169.42101336561345,48.16999816894531,1.7300000190734863,8.360835059538157,0.3029643270215672,4.989140688380121,0.269580885036237,0.6,0.04,4.68,0.03,9.65,0.5,0.62,0.05
10,    HIP 9788 ,4444,-0.37,rj131.737,23463.2050781,1.3409999609,15810.121093799999,rj131.737,t,j131,737,2011-09-05 14:54,    HIP 9788 ,TYC 2308-254-1,9.946999549865724,0.032000001519918435,11.355999946594238,0.06599999964237213,9.813032153363352,0.06169988187216222,2MASS J02054930+3047019,6.960000038146973,0.017999999225139618,7.671000003814697,0.020999999716877937,6.989980282339396,0.029392395960804982,2.8230518710239565,0.09109227783296722,4392.2666391032,100.04898833258163,34.779998779296875,1.4299999475479126,7.519679965482812,0.3615703135044336,4.696628094458855,0.3292628275930764,0.66,0.04,4.64,0.03,9.64,0.5,0.69,0.05
11,   HIP 10337 ,4019,0.12,rj137.108,-12084.839843799999,3.1459999084500003,15878.017578100002,rj137.108,t,j137,108,2011-11-12 12:25,   HIP 10337 ,TYC 5861-2058-1,9.9350004196167,0.03400000184774399,11.571000099182127,0.08399999886751175,9.777073252640216,0.06976108206450939,2MASS J02131212-2111474,6.504000186920166,0.017999999225139618,7.296000003814697,0.019999999552965164,6.531102398896036,0.029863653947316944,3.2459708537441814,0.09962473601182634,4097.232065597674,148.57905574990588,43.0,1.6699999570846558,7.94441553053815,0.33512243328973257,4.698444676793967,0.2952250051725401,0.63,0.04,4.66,0.03,9.65,0.51,0.66,0.05
13,   HIP 11000 ,4703,0.2,rj137.115,-9839.28027344,3.2790000438700004,15878.029296899998,rj137.115,t,j137,115,2011-11-12 12:42,   HIP 11000 ,TYC 4697-245-1,9.16800022125244,0.01899999938905239,10.451000213623047,0.03700000047683717,9.045926059392713,0.03597135934840888,2MASS J02214443-0652462,6.4670000076293945,0.016000000759959214,7.130000114440918,0.026000000536441803,6.498863345956615,0.02695388850743119,2.5470627134361004,0.06292524785584007,4617.374313403299,111.92358200251572,37.34000015258789,1.3799999952316284,6.906797636331617,0.2998170248417845,4.359734922895518,0.2907995540008068,0.71,0.04,4.62,0.03,9.68,0.49,0.75,0.05
17,   HIP 15095 ,4265,-0.21,rj137.116,-5486.78222656,2.507999897,15878.033203100002,rj137.116,t,j137,116,2011-11-12 12:47,   HIP 15095 ,TYC 6442-466-1,9.30500030517578,0.01899999938905239,10.71500015258789,0.03999999910593033,9.170935130528264,0.03688053893294185,2MASS J03144460-2626466,6.066999912261963,0.017000000923871994,6.860000133514402,0.027000000700354576,6.095295460227286,0.02863623794684231,3.0756396703009803,0.06551677687978416,4209.513135584977,180.50108793534386,54.47999954223633,1.3899999856948853,7.8521206068062925,0.19809845690984865,4.776480936505312,0.1898541559237491,0.64,0.04,4.66,0.03,9.62,0.51,0.66,0.05
22,   HIP 19165 ,4412,-0.22,rj137.118,1280.22802734,1.88399994373,15878.042968799999,rj137.118,t,j137,118,2011-11-12 13:01,   HIP 19165 ,TYC 5889-644-1,9.838000297546387,0.028999999165534977,11.302000045776367,0.06400000303983687,9.69856099042223,0.05718457983389496,2MASS J04063483-2051103,6.702000141143799,0.017000000923871994,7.439000129699707,0.020999999716877937,6.730995237832492,0.02848583060871335,2.9675657525897376,0.08567041044260831,4285.1936964338975,129.89507228735158,42.540000915527344,1.6399999856948853,7.842548464989264,0.3214972314946509,4.874982712399525,0.2927984822694693,0.64,0.04,4.66,0.03,9.62,0.51,0.66,0.05
30,   HIP 32769 ,4420,-0.05,rj149.106,-23270.8183594,2.17700004578,16027.753906200001,rj149.106,t,j149,106,2012-04-10 06:05,   HIP 32769 ,TYC 4097-1471-1,8.72599983215332,0.014999999664723871,10.133999824523926,0.028999999165534977,8.592130247885281,0.028334639310222117,2MASS J06495699+6020077,5.611999988555908,0.017999999225139618,6.335000038146973,0.01899999938905239,5.641096567697534,0.029216644506383917,2.951033680187747,0.057551283816606034,4297.093732928081,175.68977748993268,60.959999084472656,1.2999999523162842,7.517355006930757,0.15788200876850922,4.566321326743012,0.15876401396467102,0.66,0.04,4.64,0.03,9.62,0.49,0.69,0.05
31,   HIP 32919 ,4382,-0.01,rj149.108,-26826.484375,2.28699994087,16027.759765600002,rj149.108,t,j149,108,2012-04-10 06:14,   HIP 32919 ,TYC 3394-19-1,9.116000175476074,0.020999999716877937,10.569000244140623,0.045000001788139336,8.977670512507267,0.04100196017298848,2MASS J06513242+4722050,5.896999835968018,0.017000000923871994,6.651000022888184,0.020999999716877937,5.925419429543855,0.02845895459693425,3.052251082963413,0.06946091476992272,4225.58700582884,170.21391419153898,53.11999893188477,1.2300000190734863,7.603960800643994,0.18858598172414492,4.55170971768058,0.17604297614809078,0.66,0.04,4.64,0.03,9.67,0.5,0.68,0.05
35,   HIP 40375 ,4463,0.03,rj149.140,-29076.671875,3.3870000839200003,16027.865234399998,rj149.140,t,j149,140,2012-04-10 08:45,   HIP 40375 ,TYC  802-1157-1,8.911999702453613,0.019999999552965164,10.326000213623047,0.03999999910593033,8.777542540906909,0.03818359914653004,2MASS J08143597+1301220,5.890999794006348,0.019999999552965164,6.619999885559082,0.024000000208616257,5.9207622506844055,0.031338297003854015,2.8567802902225035,0.06952189615038404,4366.649350551615,141.7262571314164,54.52999877929688,1.2599999904632568,7.4607199807306515,0.18414355777029584,4.603939690508146,0.17729825562761986,0.67,0.04,4.64,0.03,9.64,0.5,0.7,0.05
16,   HIP 14729 ,4579,0.17,rj156.1602,29345.410156200003,-0.8439999818800001,16152.135742200002,rj156.1602,t,j156,1602,2012-08-12 15:15,   HIP 14729 ,TYC  651-1202-1,9.477999687194824,0.026000000536441803,10.998000144958496,0.06400000303983687,9.33278425923883,0.053275401620268815,2MASS J03101515+1203018,6.624000072479247,0.020999999716877937,7.297999858856201,0.024000000208616257,6.654959264747079,0.032170688420857366,2.6778249944917496,0.08544609004112619,4507.170530253803,90.1126993993753,36.959999084472656,1.5900000333786009,7.171444018190148,0.3613525527121513,4.4936190236984,0.34024783951273985,0.69,0.04,4.63,0.03,9.66,0.5,0.72,0.05
100,  HIP 117946 ,4863,0.03,rj156.1782,19772.8398438,2.0309998989099998,16153.121093799999,rj156.1782,t,j156,1782,2012-08-13 14:54,  HIP 117946 ,TYC 1728-1239-1,8.88599967956543,0.016000000759959214,10.072999954223633,0.029999999329447743,8.772504419705047,0.029940760787054894,2MASS J23552655+2211362,6.196000099182129,0.017999999225139618,6.823999881744385,0.019999999552965164,6.227844652513273,0.02874174877326009,2.5446597671917743,0.058682509560314976,4619.4620910167905,118.8950498128926,39.349998474121094,1.1599999666213991,6.747228018977058,0.23703912689525306,4.202568251785284,0.23584011488145826,0.72,0.03,4.61,0.03,9.71,0.49,0.76,0.05
6,    HIP 4845 ,4170,-0.19,rj158.111,14006.542968799999,2.00500011444,16172.1162109,rj158.111,t,j158,111,2012-09-01 14:47,    HIP 4845 ,TYC 5273-1440-1,10.12399959564209,0.04399999976158142,11.428000450134276,0.0860000029206276,9.999998236146109,0.08339780057445167,2MASS J01022113-1025256,6.5329999923706055,0.017000000923871994,7.416999816894531,0.029999999329447743,6.558829409592383,0.029434073204827424,3.4411688265537266,0.1128318737792791,3978.0143573897053,158.2591473655203,46.22000122070313,4.480000019073486,8.324147999211695,0.7304728416586446,4.8829791726579685,0.6765091142890203,0.6,0.04,4.68,0.04,9.64,0.5,0.62,0.05
65,   HIP 62847 ,4726,0.05,rj165.472,18783.4003906,-1.53999996185,16320.0546875,rj165.472,t,j165,472,2013-01-27 13:18,   HIP 62847 ,TYC 2531-2177-1,9.565999984741213,0.026000000536441803,10.894000053405762,0.054999999701976776,9.43977104631891,0.05054786060869694,2MASS J12524857+3344151,6.8460001945495605,0.027000000700354576,7.456999778747559,0.01899999938905239,6.877705614025233,0.0378717068459869,2.5620654322936782,0.08841956745468384,4604.3914031540035,70.10924614297315,28.07999992370605,1.440000057220459,6.681756557707812,0.4483947743505217,4.119691125414134,0.4357186205878117,0.73,0.04,4.6,0.03,9.83,0.49,0.76,0.05
63,   HIP 60633 ,4724,0.25,rj166.80,19344.9277344,-1.08099997044,16326.0390625,rj166.80,t,j166,80,2013-02-02 12:56,   HIP 60633 ,TYC 1447-1344-1,10.1899995803833,0.032999999821186066,11.494000434875488,0.06400000303983687,10.06599822088732,0.06239682068824767,2MASS J12253499+2149567,7.342000007629394,0.028999999165534977,7.993000030517577,0.020999999716877937,7.3728283885106825,0.04017868606416142,2.6931698323766406,0.10257550675240908,4494.666428558213,62.77523564627961,24.06999969482422,1.5,6.973378644731071,0.5667146236853378,4.280208812354429,0.5444964890612515,0.7,0.03,4.61,0.03,9.77,0.49,0.73,0.04
38,   HIP 41130 ,4410,-0.1,rj166.529,-6134.88085938,-1.29999995232,16327.8583984,rj166.529,t,j166,529,2013-02-04 08:36,   HIP 41130 ,TYC 1390-939-1,9.61299991607666,0.026000000536441803,11.083000183105467,0.0560000017285347,9.472951933396931,0.05085092122286558,2MASS J08233086+2150581,6.553999900817871,0.016000000759959214,7.2829999923706055,0.020999999716877937,6.5835338932464325,0.0273920488424422,2.8894180401505,0.07824297006530777,4342.22943888836,131.38268100862598,37.0099983215332,1.649999976158142,7.314547260392502,0.36999083139453226,4.4251292202420025,0.3465319590141089,0.68,0.04,4.63,0.03,9.7,0.5,0.71,0.05
37,   HIP 40910 ,4119,-0.06,rj166.531,-5532.48583984,-0.950999975204,16327.871093799999,rj166.531,t,j166,531,2013-02-04 08:54,   HIP 40910 ,TYC  807-557-1,9.852999687194824,0.03500000014901161,11.475000381469727,0.08799999952316284,9.696664573808896,0.07227638004966079,2MASS J08205533+1404170,6.578999996185303,0.017999999225139618,7.335999965667725,0.01899999938905239,6.607161880147048,0.029700804785729163,3.08950269366185,0.10197718483538996,4200.0630992490915,120.10790393234699,42.65999984741211,1.6599999666213991,7.846768821608943,0.33882177997192026,4.7572661279470925,0.2962462047079886,0.64,0.04,4.65,0.03,9.65,0.51,0.66,0.04
74,   HIP 73427 ,4256,-0.02,rj170.278,-12545.8232422,-0.097000002861,16449.849609399997,rj170.278,t,j170,278,2013-06-06 08:23,   HIP 73427 ,TYC 6752-835-1,10.111000061035156,0.03099999949336052,11.479999542236328,0.06400000303983687,9.980898769404456,0.059790700261071326,2MASS J15001942-2427147,6.803999900817871,0.017999999225139618,7.579999923706055,0.023000000044703484,6.8317636866965845,0.029714442647939068,3.1491350827078737,0.08950514290901039,4160.056470052237,150.64878712898985,33.650001525878906,1.5900000333786009,7.61582421067112,0.4077986724216618,4.466689127963246,0.3777224148085295,0.66,0.04,4.64,0.03,9.69,0.5,0.68,0.05
