idx,lib_index,cps_name,lib_obs,Teff,u_Teff,radius,u_radius,logg,u_logg,feh,u_feh,mass,u_mass,age,u_age,vsini,source,source_name,snr
0,0,1326B,rj124.340,3218.0,60.0,0.1923,0.0082,5.071866704256541,0.9429226180815448,-0.3,0.08,0.159,0.016,9.62,0.53,,Mann,Gl 15B,152.60276794433594
1,1,HIP1734,rj15.517,3600.0,60.0,0.528,0.028,4.73431190219721,0.9746959580858634,0.27,0.08,0.551,0.055,9.65,0.53,,Mann,GJ 1009,98.97002410888672
2,2,HIP5643,rj222.76,3056.0,60.0,0.168,0.0085,5.101752937268161,1.026424102855142,-0.26,0.08,0.13,0.013,9.63,0.53,,Mann,Gl 54.1,109.04293060302734
3,3,HIP8051,rj82.722,3458.0,60.0,0.414,0.017,4.807571838791434,0.8743830285425842,-0.13,0.08,0.401,0.04,9.7,0.52,,Mann,Gl 70,148.07696533203125
4,4,GL83.1,rj222.304,3080.0,60.0,0.187,0.01,5.053107427435301,1.0317136302747805,-0.16,0.08,0.14400000000000002,0.014,9.63,0.53,,Mann,Gl 83.1,87.27951049804688
5,5,GL87,rj61.724,3638.0,62.0,0.443,0.017,4.789073372453098,0.8464660159437417,-0.36,0.08,0.44,0.044,9.69,0.52,,Mann,Gl 87,147.1223602294922
6,6,HIP11048,rj64.154,3785.0,62.0,0.599,0.021,4.671742874775594,0.7916987545913615,0.14,0.08,0.614,0.061,9.8,0.51,,Mann,Gl 96,162.25198364257812
7,7,GL105B,rj15.1926,3284.0,60.0,0.278,0.01,4.941273663680276,0.8576492716249177,-0.12,0.03,0.246,0.025,9.74,0.52,,Mann,Gl 105 B,103.87654495239258
8,8,GL109,rj78.491,3405.0,60.0,0.364,0.014,4.851519501157708,0.8541024463800855,-0.1,0.08,0.343,0.034,9.68,0.52,,Mann,Gl 109,150.12228393554688
9,9,HIP15366,rj165.57,3700.0,61.0,0.628,0.031,4.6480097190970575,0.9244083003925724,0.53,0.08,0.639,0.064,9.73,0.52,,Mann,Gl 134,164.15786743164062
10,10,28343,rj131.943,4124.0,62.0,0.687,0.023,4.636087609839827,0.7715384096903231,0.39,0.08,0.7440000000000001,0.07400000000000001,9.78,0.51,,Mann,Gl 169,165.0245132446289
11,11,232979,rj63.1050,3929.0,60.0,0.608,0.02,4.684201978435771,0.7758718411609903,-0.11,0.08,0.6509999999999999,0.065,9.78,0.52,,Mann,Gl 172,174.9449462890625
12,12,HIP21556,rj85.326,3671.0,61.0,0.444,0.017,4.817604206817898,0.8486347004260647,-0.04,0.08,0.472,0.047,9.57,0.52,,Mann,Gl 173,163.6808624267578
13,13,HIP22762,rj97.2842,3506.0,60.0,0.421,0.019,4.805814008398113,0.9108694314054504,-0.24,0.08,0.413,0.041,9.69,0.52,,Mann,Gl 180,148.2537841796875
14,14,HIP23512,rj222.99,3365.0,60.0,0.284,0.013,4.95009275963872,0.9444080853648972,-0.12,0.08,0.262,0.026,9.67,0.53,,Mann,GJ 3325,119.2238426208496
15,15,245409,rj222.308,3966.0,60.0,0.601,0.02,4.690911722402656,0.7842028645305922,0.05,0.08,0.6459999999999999,0.065,9.67,0.52,,Mann,Gl 208,168.36295318603516
16,16,GL239,rj63.473,3801.0,60.0,0.423,0.015,4.858768320791861,0.8294387443769456,-0.34,0.08,0.471,0.047,9.53,0.52,,Mann,Gl 239,165.5027618408203
17,17,GL250B,rj15.1505,3481.0,60.0,0.46,0.017,4.760295455164521,0.8235889159992829,0.14,0.03,0.444,0.044,9.65,0.52,,Mann,Gl 250 B,167.67166137695312
18,18,265866,rj149.110,3448.0,60.0,0.358,0.013,4.8772047586034315,0.8391597382557741,-0.02,0.08,0.35200000000000004,0.035,9.63,0.52,,Mann,Gl 251,163.90689086914062
19,19,GL273,rj82.219,3317.0,60.0,0.315,0.012,4.893593476358139,0.8570170099602139,-0.11,0.08,0.28300000000000003,0.028,9.78,0.52,,Mann,Gl 273,161.87805938720703
20,20,HIP36338,rj06.1476,3448.0,60.0,0.404,0.019,4.824455924954955,0.9398767353613892,-0.01,0.08,0.397,0.04,9.65,0.52,,Mann,GJ 1097,70.02944564819336
21,21,HIP36834,rj15.1501,3681.0,60.0,0.385,0.016,4.866297196159163,0.8947784775482163,-0.37,0.08,0.397,0.04,9.6,0.53,,Mann,Gl 277.1,155.3621826171875
22,22,HIP37217,rj15.564,3358.0,60.0,0.315,0.016,4.904205038732805,0.988625460188994,-0.18,0.08,0.29,0.029,9.71,0.52,,Mann,GJ 3459,119.2326774597168
23,23,GL2066,rj50.296,3500.0,60.0,0.461,0.017,4.766164732445137,0.8260251232545217,-0.12,0.08,0.452,0.045,9.73,0.51,,Mann,GJ 2066,158.1229019165039
24,24,HIP46769,rj06.1489,3692.0,60.0,0.518,0.021,4.735680261217632,0.8557617704303555,-0.2,0.08,0.532,0.053,9.71,0.53,,Mann,Gl 353,116.0011215209961
25,25,HIP47513,rj149.148,3500.0,60.0,0.485,0.019,4.73904252914424,0.8452106778783026,-0.05,0.08,0.47,0.047,9.74,0.51,,Mann,Gl 361,164.1931381225586
26,26,GL382,rj118.811,3623.0,60.0,0.522,0.019,4.723246445814484,0.8206608384013954,0.13,0.08,0.525,0.053,9.76,0.52,,Mann,Gl 382,163.9417266845703
27,27,HIP51007,rj118.812,3700.0,60.0,0.4970000000000001,0.02,4.761718714581185,0.8594087901366847,-0.02,0.08,0.52,0.052000000000000005,9.63,0.53,,Mann,Gl 390,164.4063720703125
28,28,GL393,rj55.1377,3548.0,60.0,0.42,0.016,4.821339166719968,0.8540011226899689,-0.18,0.08,0.426,0.043,9.66,0.52,,Mann,Gl 393,166.09505462646484
29,29,HIP57050,rj82.247,3304.0,61.0,0.376,0.018000000000000002,4.814391735947572,0.9481229925783276,0.07,0.08,0.336,0.034,9.68,0.52,,Mann,GJ 1148,129.9270248413086
30,30,HIP57548,rj06.1485,3192.0,60.0,0.1967,0.0077,5.076128710300238,0.911075211031476,-0.02,0.08,0.168,0.017,9.61,0.53,,Mann,Gl 447,89.28604888916016
31,31,HIP59748,rj67.506,3900.0,61.0,0.669,0.038,4.6332939308440615,0.9890217098381252,0.14,0.08,0.701,0.07,9.74,0.52,,Mann,Gl 458.2,154.8457489013672
32,32,HIP60093,rj67.535,3993.0,60.0,0.643,0.037000000000000005,4.66896152758443,1.0022336508157048,0.46,0.08,0.703,0.07,9.61,0.53,,Mann,Gl 459.3,148.96421813964844
33,33,HIP61706,rj92.111,3463.0,60.0,0.466,0.025,4.770973195599161,0.9920691798037572,0.26,0.08,0.467,0.047,9.61,0.53,,Mann,Gl 480,126.3136749267578
34,34,111631,rj55.1182,3989.0,60.0,0.6459999999999999,0.02,4.661818535046042,0.7561751125579221,0.24,0.08,0.698,0.07,9.78,0.52,,Mann,Gl 488,174.34986114501953
35,35,HIP65016,rj67.533,3650.0,60.0,0.598,0.025,4.661000111565596,0.8581579506596716,0.4,0.08,0.597,0.06,9.77,0.51,,Mann,Gl 507.1,153.2457733154297
36,36,GL514,rj55.901,3727.0,61.0,0.483,0.016,4.792344502122572,0.7994677658751665,-0.09,0.08,0.527,0.053,9.57,0.52,,Mann,Gl 514,174.08758544921875
37,37,HIP71253,rj222.752,3211.0,60.0,0.31,0.013,4.891867407785259,0.8940967158646154,0.17,0.08,0.273,0.027000000000000003,9.78,0.51,,Mann,Gl 555,124.28030395507812
38,38,GL625,rj35.852,3475.0,60.0,0.331,0.012,4.897082714651213,0.8525569024730141,-0.35,0.08,0.315,0.032,9.71,0.52,,Mann,Gl 625,147.98193359375
39,39,GJ628,rj209.268,3272.0,60.0,0.325,0.012,4.883008756867458,0.8422487422494251,-0.03,0.08,0.294,0.029,9.77,0.51,,Mann,Gl 628,108.26891708374023
40,40,157881,rj76.1490,4124.0,60.0,0.649,0.02,4.662743455864115,0.7562963087608419,0.19,0.08,0.706,0.071,9.68,0.52,,Mann,Gl 673,164.5980987548828
41,41,GL686,rj59.1273,3657.0,60.0,0.424,0.015,4.829118704576676,0.8224096760825002,-0.25,0.08,0.442,0.044,9.61,0.53,,Mann,Gl 686,173.90673065185547
42,42,GL694,rj59.1283,3464.0,61.0,0.44,0.017,4.784991251020261,0.8482484490445009,0.0,0.08,0.43,0.043,9.68,0.52,,Mann,Gl 694,139.27460479736328
43,43,165222,rj55.1440,3614.0,60.0,0.459,0.016,4.787823684467424,0.8115574747896921,-0.22,0.08,0.471,0.047,9.67,0.52,,Mann,Gl 701,174.51742553710938
44,44,HIP91699,rj153.114,3400.0,61.0,0.394,0.019,4.814462070920962,0.9470899208200206,-0.16,0.08,0.369,0.037000000000000005,9.69,0.53,,Mann,GJ 4070,109.8281364440918
45,45,GL745A,rj97.2588,3500.0,60.0,0.31,0.012,4.926996471803443,0.8808026386602407,-0.33,0.08,0.29600000000000004,0.03,9.69,0.53,,Mann,Gl 745A,140.8148193359375
46,46,180617,rj59.992,3558.0,60.0,0.474,0.016,4.763565074689746,0.7929331195612804,0.1,0.08,0.475,0.047,9.67,0.53,,Mann,Gl 752A,172.39025115966797
47,47,GL806,rj59.1030,3542.0,61.0,0.443,0.018000000000000002,4.781104442781825,0.8644291594802579,-0.15,0.08,0.4320000000000001,0.043,9.7,0.52,,Mann,Gl 806,135.9213943481445
48,48,HIP104432,rj59.2216,3545.0,60.0,0.369,0.016,4.855825414067803,0.9121399159399618,-0.45,0.08,0.35600000000000004,0.036000000000000004,9.68,0.52,,Mann,Gl 821,123.2811508178711
49,49,209290,rj134.384,3848.0,60.0,0.546,0.019,4.734894874645719,0.8030242955900981,0.02,0.08,0.59,0.059,9.6,0.52,,Mann,Gl 846,165.60037994384766
50,50,HIP109388,rj02.945,3530.0,60.0,0.47,0.018000000000000002,4.777279470780464,0.8416649520516902,0.37,0.08,0.482,0.048,9.63,0.53,,Mann,Gl 849,135.9314193725586
51,51,GL875,rj190.1206,3740.0,61.0,0.563,0.024,4.699339197130887,0.8722141297802529,0.02,0.08,0.578,0.058,9.74,0.52,,Mann,Gl 875,159.35604095458984
52,52,HIP115332,rj222.273,3324.0,60.0,0.416,0.02,4.792418244555432,0.938825588631924,0.24,0.08,0.391,0.039,9.62,0.53,,Mann,GJ 4333,109.90346145629884
53,53,HIP115562,rj15.943,3764.0,60.0,0.539,0.02,4.742406484121752,0.8221284215310506,0.31,0.08,0.585,0.058,9.56,0.53,,Mann,Gl 895,161.1126480102539
54,54,GL896A,rj193.921,3353.0,60.0,0.409,0.016,4.793620742366438,0.8556778934480737,0.03,0.08,0.379,0.038,9.7,0.52,,Mann,Gl 896A,158.12109375
55,55,GL908,rj38.271,3646.0,60.0,0.407,0.014,4.8298994930524906,0.8176356448980978,-0.45,0.08,0.408,0.041,9.67,0.53,,Mann,Gl 908,173.82747650146484
56,56,16895,rj185.804,6153.0,25.0,1.319,0.0109,4.26,0.02,0.0,0.1,1.16,0.05,9.59,0.09,,Von Braun,HD16895,162.4029083251953
57,57,22484,rj137.243,5998.0,39.0,1.6219,0.0242,4.08,0.02,-0.09,0.1,1.15,0.04,9.71,0.09,,Von Braun,HD22484,160.4704818725586
58,58,34411,rj06.1066,5774.0,44.0,1.3314,0.0211,4.2,0.03,0.05,0.1,1.03,0.04,9.92,0.08,,Von Braun,HD34411,175.69781494140625
59,59,39587,rj185.1109,5898.0,25.0,0.9791,0.0091,4.47,0.02,-0.04,0.1,1.04,0.04,9.27,0.28,,Von Braun,HD39587,160.59011840820312
60,60,48737,rj185.1112,6478.0,21.0,2.7098,0.0206,3.8,0.01,0.14,0.1,1.7,0.04,9.23,0.03,,Von Braun,HD48737,171.2490463256836
61,61,58946,rj185.652,6738.0,55.0,1.6553,0.0275,4.12,0.03,-0.25,0.1,1.32,0.09,9.39,0.11,,Von Braun,HD58946,156.1819305419922
62,62,82885,rj187.392,5376.0,43.0,1.0029,0.0158,4.4,0.03,0.32,0.1,0.92,0.05,10.04,0.15,,Von Braun,HD82885,156.8150634765625
63,63,86728,rj06.1085,5619.0,44.0,1.2466,0.0205,4.24,0.03,0.19,0.1,0.98,0.06,10.03,0.11,,Von Braun,HD86728,174.2671890258789
64,64,101501,rj189.1669,5309.0,27.0,0.94,0.01,4.42,0.02,-0.03,0.1,0.84,0.03,10.14,0.05,,Von Braun,HD101501,156.14524841308594
65,65,131156,rj187.193,5483.0,32.0,0.8627,0.0107,4.53,0.03,-0.14,0.1,0.91,0.05,9.62,0.4,,Von Braun,HD131156,164.39459228515625
66,66,164259,rj187.472,6454.0,113.0,1.9614,0.0713,4.01,0.04,-0.03,0.1,1.43,0.07,9.4,0.08,,Von Braun,HD164259,158.97950744628906
67,67,173667,rj187.478,6296.0,19.0,2.0644,0.0166,3.96,0.01,-0.03,0.1,1.43,0.04,9.44,0.03,,Von Braun,HD173667,163.80765533447266
68,68,182572,rj08.774,5643.0,84.0,1.3785,0.0418,4.19,0.05,0.34,0.1,1.06,0.09,9.92,0.17,,Von Braun,HD182572,173.39275360107422
69,69,222368,rj26.532,6192.0,26.0,1.5949,0.0137,4.12,0.02,-0.14,0.1,1.22,0.06,9.6,0.07,,Von Braun,HD222368,165.05843353271484
70,70,166,rj21.1376,5327.0,39.0,0.9172,0.009000000000000001,4.45,0.03,0.08,0.1,0.87,0.04,10.05,0.13,,Von Braun,HD166,171.85608673095703
71,71,6210,rj173.1218,6089.0,35.0,4.517,0.1522,3.37,0.05,-0.01,0.1,1.7,0.15,9.21,0.07,,Von Braun,HD6210,153.01947784423828
72,72,16765,rj179.143,6356.0,46.0,1.208,0.0288,4.35,0.04,-0.15,0.1,1.17,0.06,9.32,0.25,,Von Braun,HD16765,154.32814025878906
73,73,38858,rj06.1054,5646.0,45.0,0.9331,0.0162,4.46,0.04,-0.22,0.1,0.91,0.07,9.81,0.28,,Von Braun,HD38858,173.42457580566406
74,74,69897,rj185.1106,6130.0,58.0,1.3869999999999998,0.0276,4.19,0.04,-0.26,0.1,1.07,0.08,9.73,0.12,,Von Braun,HD69897,153.86282348632812
75,75,130948,rj187.196,5787.0,57.0,1.1119,0.0229,4.35,0.04,-0.05,0.1,0.99,0.05,9.86,0.13,,Von Braun,HD130948,154.59612274169922
76,76,158633,rj61.668,5203.0,46.0,0.7891,0.0144,4.54,0.04,-0.41,0.1,0.77,0.05,10.03,0.33,,Von Braun,HD158633,165.82024383544922
77,77,168151,rj187.489,6221.0,39.0,1.7577,0.0225,4.03,0.04,-0.28,0.1,1.19,0.1,9.6,0.11,,Von Braun,HD168151,157.67098236083984
78,78,186408,rj55.1848,5760.0,57.0,1.2551,0.0261,4.25,0.03,0.05,0.1,1.02,0.05,9.92,0.1,,Von Braun,HD186408,163.7021713256836
79,79,186427,rj55.1849,5678.0,66.0,1.1689,0.0274,4.3,0.04,0.04,0.1,0.97,0.05,9.97,0.11,,Von Braun,HD186427,164.5249481201172
80,80,206860,rj173.1211,5860.0,83.0,1.0189,0.0291,4.43,0.05,-0.16,0.1,1.0,0.08,9.64,0.37,,Von Braun,HD206860,152.881591796875
81,81,219623,rj130.1517,6285.0,94.0,1.195,0.0359,4.36,0.04,0.04,0.1,1.18,0.06,9.25,0.25,,Von Braun,HD219623,152.3222427368164
82,82,75732,rj06.1091,5172.0,18.0,0.9434,0.0101,4.43,0.02,0.35,0.1,0.88,0.02,10.1,0.09,,Von Braun,HD75732,175.80555725097656
83,83,190406,rj59.1923,5763.0,49.0,1.1153,0.0211,4.34,0.03,0.03,0.1,1.0,0.04,9.87,0.11,,Von Braun,HD190406,164.53265380859375
84,84,49933,rj185.1115,6635.0,90.0,1.42,0.04,4.21,0.05,-0.39,0.1,1.18,0.09,9.49,0.16,,Von Braun,HD49933,149.94524383544922
85,85,3651,rj13.2073,5046.0,86.0,0.947,0.032,4.46,0.04,0.15,0.1,0.85,0.04,10.12,0.13,,Von Braun,HD3651,175.76795959472656
86,86,19994,rj185.1131,5916.0,98.0,1.93,0.067,3.99,0.05,0.17,0.1,1.3,0.1,9.62,0.11,,Von Braun,HD19994,154.9455337524414
87,87,117176,rj72.745,5406.0,64.0,1.968,0.047,3.84,0.05,-0.06,0.1,0.97,0.1,10.02,0.13,,Von Braun,HD117176,161.54702758789062
88,88,120136,rj222.343,6620.0,67.0,1.331,0.027000000000000003,4.3,0.02,0.24,0.1,1.31,0.03,9.07,0.11,,Von Braun,HD120136,161.58592987060547
89,89,190360,rj01.1090,5461.0,75.0,1.2,0.033,4.26,0.04,0.21,0.1,0.94,0.05,10.11,0.09,,Von Braun,HD190360,176.6859893798828
90,90,161797,rj59.1280,5502.0,55.0,1.7448,0.0349,3.99,0.03,0.23,0.1,1.08,0.05,9.93,0.07,,Von Braun,HD161797,174.10833740234375
91,91,188512,rj23.524,4920.0,102.0,3.2103,0.1328,3.39,0.09,-0.14,0.1,0.92,0.15,10.11,0.17,,Von Braun,HD188512,180.28453063964844
92,92,10700,rj01.1093,5290.0,39.0,0.8154,0.0122,4.5,0.03,-0.48,0.1,0.76,0.04,10.09,0.16,,Von Braun,HD10700,184.34027862548828
93,93,23249,rj63.431,4955.0,30.0,2.3267,0.0286,3.7,0.03,0.12,0.1,0.98,0.06,10.1,0.09,,Von Braun,HD23249,176.24304962158203
94,94,21019,rj185.1120,5261.0,65.0,2.4214,0.0764,3.64,0.05,-0.41,0.1,0.93,0.07,10.01,0.11,,Von Braun,HD21019,155.02591705322266
95,95,136202,rj179.71,5661.0,87.0,2.1427,0.067,3.83,0.06,-0.04,0.1,1.11,0.13,9.82,0.16,,Von Braun,HD136202,159.34680938720703
96,96,157214,rj59.1282,5738.0,48.0,1.1159,0.0191,4.29,0.04,-0.37,0.1,0.87,0.06,10.04,0.11,,Von Braun,HD157214,165.78050994873047
97,97,195564,rj72.176,5421.0,118.0,1.8673,0.0833,3.91,0.07,0.06,0.1,1.03,0.11,9.98,0.15,,Von Braun,HD195564,156.71207427978516
98,98,19373,rj76.1541,5832.0,33.0,1.4148,0.0149,4.17,0.02,0.08,0.1,1.07,0.05,9.88,0.09,,Von Braun,HD19373,160.21599578857422
99,99,30652,rj185.783,6441.0,19.0,1.3223,0.0103,4.29,0.02,0.0,0.1,1.25,0.05,9.28,0.15,,Von Braun,HD30652,159.5343246459961
100,100,126660,rj187.198,6211.0,19.0,1.7336,0.0112,4.08,0.02,-0.02,0.1,1.31,0.05,9.53,0.06,,Von Braun,HD126660,163.3036346435547
101,101,173701,rj187.482,5297.0,53.0,0.952,0.021,4.43,0.04,0.24,0.1,0.88,0.05,10.06,0.18,,Von Braun,HD173701,149.46368408203125
102,102,177153,rj173.399,5909.0,69.0,1.289,0.037000000000000005,4.25,0.04,-0.06,0.1,1.06,0.05,9.8,0.1,,Von Braun,HD177153,151.7328338623047
103,103,181420,rj188.905,6283.0,106.0,1.73,0.084,4.09,0.06,-0.03,0.1,1.31,0.09,9.5,0.12,,Von Braun,HD181420,153.70851135253906
104,104,182736,rj174.501,5239.0,37.0,2.7030000000000003,0.071,3.57,0.08,-0.06,0.1,0.97,0.17,10.02,0.22,,Von Braun,HD182736,155.6195297241211
105,105,187637,rj188.560,6155.0,85.0,1.306,0.047,4.27,0.06,-0.09,0.1,1.13,0.07,9.61,0.17,,Von Braun,HD187637,150.2629623413086
106,106,217014,rj23.1103,5706.0,95.0,1.1678,0.0416,4.32,0.06,0.17,0.1,1.01,0.07,9.89,0.21,,Von Braun,HD217014,172.2635726928711
107,107,10476,rj13.2064,5242.0,12.0,0.8101,0.0045,4.57,0.02,-0.02,0.1,0.88,0.04,9.51,0.42,,Von Braun,HD10476,175.37086486816406
108,108,10697,rj78.493,5442.0,65.0,1.9155,0.0521,3.91,0.05,0.12,0.1,1.09,0.1,9.92,0.12,,Von Braun,HD10697,153.48381805419922
109,109,11964A,rj01.1088,5013.0,62.0,2.1425,0.0687,3.77,0.05,0.14,0.1,0.99,0.07,10.09,0.1,,Von Braun,HD11964,176.63685607910156
110,110,217107,rj55.1281,5391.0,40.0,1.2104,0.0195,4.25,0.03,0.31,0.1,0.94,0.03,10.13,0.06,,Von Braun,HD217107,166.87435150146484
111,111,4628,rj61.705,4950.0,14.0,0.6954,0.0041,4.63,0.02,-0.22,0.1,0.75,0.03,9.41,0.44,,Von Braun,GJ33,169.59625244140625
112,112,16160,rj23.1115,4662.0,17.0,0.7949,0.0062,4.54,0.01,-0.08,0.1,0.77,0.01,10.16,0.04,,Von Braun,GJ105,175.1239242553711
113,113,36395,rj85.328,3801.0,9.0,0.5735,0.0044,4.7,0.01,0.35,0.1,0.6,0.01,9.76,0.49,,Von Braun,GJ205,164.9405059814453
114,114,79210,rj63.1374,3907.0,35.0,0.5773,0.0131,4.7,0.02,-0.18,0.1,0.58,0.02,9.85,0.51,,Von Braun,GJ338A,174.65975952148438
115,115,GL338B,rj185.874,3867.0,37.0,0.5673,0.0137,4.71,0.02,-0.15,0.1,0.57,0.02,9.82,0.5,,Von Braun,GJ338B,158.9837417602539
116,116,GL412A,rj50.359,3497.0,39.0,0.3982,0.0091,4.87,0.02,-0.4,0.1,0.41,0.02,9.73,0.52,,Von Braun,GJ412,174.70831298828125
117,117,119850,rj55.902,3618.0,31.0,0.484,0.0084,4.78,0.02,-0.3,0.1,0.5,0.02,9.84,0.49,,Von Braun,GJ526,173.61814880371094
118,118,149661,rj222.759,5337.0,41.0,0.7591,0.0122,4.59,0.01,0.04,0.1,0.85,0.03,9.22,0.29,,Von Braun,GJ631,160.03492736816406
119,119,GL687,rj172.1087,3413.0,28.0,0.4183,0.006999999999999999,4.85,0.01,-0.09,0.1,0.43,0.01,9.59,0.52,,Von Braun,GJ687,163.3971176147461
120,120,GL702A,rj187.474,5407.0,52.0,0.831,0.0044,4.56,0.02,0.03,0.1,0.92,0.03,9.3,0.35,,Von Braun,GJ702A,163.88938903808594
121,121,GL702B,rj187.477,4393.0,149.0,0.6697,0.0089,4.64,0.02,0.03,0.1,0.71,0.03,9.61,0.52,,Von Braun,GJ702B,166.14834594726562
122,122,173739,rj55.1240,3407.0,15.0,0.3561,0.0039,4.9,0.01,-0.49,0.1,0.36,0.01,9.83,0.48,,Von Braun,GJ725A,174.09397888183594
123,123,173740,rj55.1241,3104.0,28.0,0.3232,0.0061,4.92,0.01,-0.36,0.1,0.3,0.01,10.01,0.36,,Von Braun,GJ725B,170.0742416381836
124,124,199305,rj59.1033,3692.0,22.0,0.5472,0.0067,4.72,0.01,-0.21,0.1,0.54,0.01,10.09,0.21,,Von Braun,GJ809,174.4236831665039
125,125,216899,rj59.1926,3713.0,11.0,0.5477,0.0048,4.72,0.01,0.06,0.1,0.56,0.01,9.99,0.39,,Von Braun,GJ880,174.23800659179688
126,126,219134,rj08.870,4699.0,16.0,0.7784,0.0053,4.55,0.01,0.07,0.1,0.77,0.02,10.12,0.11,,Von Braun,GJ892,176.49573516845703
127,127,10780,rj180.740,5398.0,75.0,0.8190000000000001,0.024,4.56,0.03,0.03,0.1,0.9,0.04,9.36,0.39,,Von Braun,GJ75,156.90618896484375
128,128,GL144,rj185.1133,5077.0,35.0,0.735,0.005,4.61,0.02,-0.06,0.1,0.8,0.03,9.37,0.39,,Von Braun,GJ144,166.6144561767578
129,129,HIP57087,rj06.1488,3416.0,53.0,0.4546,0.0182,4.83,0.03,0.04,0.1,0.45,0.03,9.62,0.52,,Von Braun,GJ436,112.76775741577148
130,130,GL570B,rj55.906,4507.0,58.0,0.7390000000000001,0.019,4.6,0.03,0.02,0.1,0.73,0.03,10.0,0.48,,Von Braun,GJ570,174.17382049560547
131,131,HIP74995,rj23.519,3442.0,54.0,0.299,0.01,4.97,0.03,-0.1,0.1,0.3,0.02,9.61,0.53,,Von Braun,GJ581,146.66478729248047
132,132,185144,rj01.169,5246.0,26.0,0.778,0.008,4.58,0.03,-0.19,0.1,0.84,0.05,9.51,0.43,,Von Braun,GJ764,178.61519622802734
133,133,1326,rj08.880,3567.0,11.0,0.3863,0.0021,4.87,0.01,-0.36,0.1,0.4,0.01,9.66,0.52,,Von Braun,GJ15,180.01973724365234
134,134,26965,rj06.1045,5147.0,14.0,0.8051,0.0035,4.52,0.03,-0.24,0.1,0.79,0.05,10.04,0.18,,Von Braun,GJ166,177.28961181640625
135,135,88230,rj72.72,4085.0,14.0,0.6398,0.0046,4.64,0.01,-0.16,0.1,0.63,0.01,10.14,0.09,,Von Braun,GJ380,165.0742950439453
136,136,95735,rj06.1099,3464.0,15.0,0.3924,0.0033,4.86,0.01,-0.41,0.1,0.4,0.01,9.91,0.47,,Von Braun,GJ411,181.18603515625
137,137,GL699,rj20.452,3222.0,10.0,0.1869,0.0012,5.11,0.01,-0.39,0.1,0.16,0.0,9.61,0.54,,Von Braun,GJ699,172.43135833740234
138,138,201091,rj08.1233,4361.0,17.0,0.6611,0.0048,4.63,0.02,-0.19,0.1,0.68,0.03,9.9,0.46,,Von Braun,GJ820A,178.20413970947266
139,139,201092,rj08.1230,3932.0,25.0,0.601,0.0072,4.67,0.01,-0.29,0.1,0.6,0.01,10.09,0.21,,Von Braun,GJ820B,179.99879455566406
140,140,217987,rj59.2221,3676.0,35.0,0.4712,0.0086,4.79,0.02,-0.19,0.1,0.49,0.02,9.66,0.53,,Von Braun,GJ887,174.7899169921875
141,141,115617,rj06.1131,5538.0,13.0,0.9867,0.0048,4.41,0.02,0.01,0.1,0.92,0.04,9.97,0.07,,Von Braun,HD115617,175.17449951171875
142,142,143761,rj70.465,5627.0,54.0,1.3617,0.0262,4.15,0.03,-0.22,0.1,0.96,0.06,9.96,0.1,,Von Braun,HD143761,155.90052795410156
143,143,GJ176,rj216.111,3679.0,77.0,0.4525,0.0221,4.8,0.03,0.15,0.1,0.49,0.04,9.6,0.53,,Von Braun,GJ176,56.85452461242676
144,144,145675,rj55.1237,5518.0,102.0,0.8668,0.0324,4.53,0.03,0.44,0.1,0.98,0.04,9.27,0.36,,Von Braun,GJ614,167.40692138671875
145,145,HIP83043,rj59.1277,3590.0,45.0,0.5387,0.0157,4.75,0.02,-0.04,0.1,0.52,0.02,9.89,0.48,,Von Braun,GJ649,168.32117462158203
146,146,GL876,rj45.596,3129.0,19.0,0.3761,0.0059,4.88,0.01,0.19,0.1,0.35,0.01,10.09,0.41,,Von Braun,GJ876,172.906494140625
147,147,1461,rj01.182,5386.0,60.0,1.2441,0.0305,4.22,0.04,0.16,0.1,0.93,0.03,10.15,0.05,,Von Braun,HD1461,174.93689727783203
148,148,7924,rj13.2095,5075.0,83.0,0.7821,0.0258,4.58,0.04,-0.14,0.1,0.81,0.06,9.71,0.52,,Von Braun,HD7924,174.9019317626953
149,149,107383,rj185.1189,4705.0,24.0,15.781,0.3444,2.15,0.04,-0.3,0.1,1.29,0.1,9.56,0.09,,Von Braun,HD107383,167.8438720703125
150,150,210702,rj156.1776,4780.0,18.0,5.2314,0.1171,3.05,0.09,0.03,0.1,1.12,0.21,9.86,0.27,,Von Braun,HD210702,158.2649688720703
151,151,KIC1435467,rj193.712,6264.0,60.0,1.69,0.13,4.09,0.03,-0.01,0.06,1.3,0.08,9.51,0.09,10.0,Bruntt,KIC1435467,47.815818786621094
152,152,KIC3427720,rj128.104,6040.0,60.0,1.1,0.07,4.38,0.03,-0.03,0.06,1.08,0.05,9.5,0.25,4.0,Bruntt,KIC3427720,91.77138900756836
153,153,K00975,rj97.3187,6190.0,60.0,1.84,0.14,4.0,0.03,-0.16,0.06,1.26,0.09,9.53,0.1,6.5,Bruntt,KIC3632418,149.0970230102539
154,154,KIC3656476,rj128.105,5710.0,60.0,1.32,0.1,4.23,0.03,0.34,0.06,1.1,0.08,9.81,0.14,2.0,Bruntt,KIC3656476,94.21038055419922
155,155,KIC4914923,rj128.107,5905.0,60.0,1.37,0.1,4.21,0.03,0.17,0.06,1.12,0.07,9.76,0.11,3.6,Bruntt,KIC4914923,94.4201202392578
156,156,KIC5021689,rj128.108,6168.0,60.0,1.81,0.14,4.02,0.03,-0.08,0.06,1.28,0.09,9.54,0.1,9.8,Bruntt,KIC5021689,90.53364944458008
157,157,KIC5184732,rj193.708,5840.0,60.0,1.31,0.1,4.26,0.03,0.38,0.06,1.16,0.06,9.65,0.13,3.3,Bruntt,KIC5184732,48.29351997375488
158,158,KIC5596656,rj193.706,5094.0,60.0,3.32,0.27,3.35,0.03,-0.46,0.06,0.9,0.08,10.07,0.14,4.0,Bruntt,KIC5596656,49.41043472290039
159,159,KIC5773345,rj128.116,6130.0,60.0,1.94,0.15,4.0,0.03,0.21,0.06,1.39,0.09,9.51,0.08,6.6,Bruntt,KIC5773345,92.06352996826172
160,160,KIC5955122,rj128.117,5837.0,60.0,2.09,0.15,3.87,0.03,-0.17,0.06,1.18,0.08,9.65,0.12,6.5,Bruntt,KIC5955122,91.5261001586914
161,161,KIC6106415,rj192.501,5990.0,60.0,1.17,0.08,4.31,0.03,-0.09,0.06,1.04,0.06,9.73,0.11,4.0,Bruntt,KIC6106415,60.4560432434082
162,162,KIC6116048,rj193.709,5935.0,60.0,1.17,0.08,4.28,0.03,-0.24,0.06,0.96,0.05,9.87,0.09,4.0,Bruntt,KIC6116048,49.25610733032226
163,163,KIC6225718,rj190.416,6230.0,60.0,1.19,0.07,4.32,0.03,-0.17,0.06,1.09,0.06,9.56,0.16,5.0,Bruntt,KIC6225718,56.61537170410156
164,164,KIC6442183,rj193.717,5760.0,60.0,1.65,0.11,4.03,0.03,-0.11,0.06,1.07,0.05,9.81,0.1,4.5,Bruntt,KIC6442183,50.23772239685058
165,165,KIC6603624,rj128.125,5625.0,60.0,1.15,0.08,4.32,0.03,0.28,0.06,1.01,0.06,9.9,0.14,3.0,Bruntt,KIC6603624,146.87039947509766
166,166,KIC6933899,rj193.727,5860.0,60.0,1.55,0.11,4.09,0.03,0.02,0.06,1.09,0.06,9.85,0.09,3.5,Bruntt,KIC6933899,47.35634803771973
167,167,KIC7206837,rj190.415,6304.0,60.0,1.54,0.11,4.17,0.03,0.14,0.06,1.29,0.05,9.48,0.07,10.1,Bruntt,KIC7206837,44.93944358825684
168,168,KIC7680114,rj193.718,5855.0,60.0,1.39,0.1,4.18,0.03,0.11,0.06,1.08,0.07,9.85,0.11,3.0,Bruntt,KIC7680114,46.86214447021485
169,169,KIC7747078,rj128.130,5840.0,60.0,1.99,0.15,3.91,0.03,-0.26,0.06,1.17,0.1,9.63,0.12,6.0,Bruntt,KIC7747078,92.98883819580078
170,170,KIC7799349,rj193.719,5115.0,60.0,2.67,0.21,3.67,0.03,0.41,0.06,1.22,0.12,9.78,0.14,1.0,Bruntt,KIC7799349,51.58837699890137
171,171,KIC7871531,rj128.133,5400.0,60.0,0.84,0.05,4.49,0.03,-0.24,0.06,0.82,0.05,9.96,0.22,2.9,Bruntt,KIC7871531,147.59659576416016
172,172,KIC7940546,rj152.86,6264.0,60.0,1.85,0.15,3.99,0.03,-0.19,0.06,1.24,0.1,9.55,0.1,9.7,Bruntt,KIC7940546,126.15081787109376
173,173,KIC7970740,rj193.721,5290.0,60.0,0.72,0.03,4.58,0.03,-0.49,0.06,0.74,0.04,9.83,0.48,3.0,Bruntt,KIC7970740,54.95392417907715
174,174,KIC7976303,rj128.132,6053.0,60.0,1.95,0.16,3.87,0.03,-0.53,0.06,1.03,0.09,9.81,0.13,5.5,Bruntt,KIC7976303,143.61810302734375
175,175,KIC8006161,rj193.722,5390.0,60.0,0.92,0.04,4.49,0.03,0.34,0.06,0.97,0.04,9.56,0.39,2.5,Bruntt,KIC8006161,54.90037345886231
176,176,KIC8179536,rj192.298,6344.0,60.0,1.33,0.09,4.27,0.03,0.01,0.06,1.22,0.05,9.41,0.14,9.0,Bruntt,KIC8179536,46.30602836608887
177,177,KIC8228742,rj128.140,6042.0,60.0,1.77,0.13,4.02,0.03,-0.14,0.06,1.19,0.07,9.63,0.1,5.7,Bruntt,KIC8228742,92.4917984008789
178,178,KIC8394589,rj193.736,6114.0,60.0,1.12,0.07,4.32,0.03,-0.36,0.06,0.97,0.05,9.79,0.11,6.0,Bruntt,KIC8394589,46.5009822845459
179,179,KIC8524425,rj193.735,5634.0,60.0,1.8,0.16,3.98,0.03,0.14,0.06,1.13,0.11,9.85,0.14,2.3,Bruntt,KIC8524425,48.43400955200195
180,180,KIC8561221,rj193.692,5245.0,60.0,2.56,0.27,3.61,0.03,-0.06,0.06,0.96,0.18,10.04,0.24,3.5,Bruntt,KIC8561221,48.28790283203125
181,181,KIC8694723,rj193.693,6120.0,60.0,1.42,0.1,4.1,0.03,-0.59,0.06,0.93,0.04,9.93,0.06,6.6,Bruntt,KIC8694723,47.42744636535645
182,182,KIC8702606,rj128.141,5540.0,60.0,2.24,0.18,3.76,0.03,-0.09,0.06,1.05,0.12,9.9,0.14,4.0,Bruntt,KIC8702606,95.61148071289062
183,183,KIC8751420,rj193.694,5264.0,60.0,2.27,0.16,3.7,0.03,-0.15,0.06,0.94,0.06,10.07,0.1,3.5,Bruntt,KIC8751420,52.25623893737793
184,184,KIC8938364,rj193.695,5630.0,60.0,1.33,0.1,4.16,0.03,-0.2,0.06,0.94,0.06,9.97,0.1,3.8,Bruntt,KIC8938364,47.13741493225098
185,185,KIC9098294,rj193.737,5840.0,60.0,1.14,0.08,4.3,0.03,-0.13,0.06,0.98,0.05,9.87,0.09,4.0,Bruntt,KIC9098294,46.76433944702149
186,186,KIC9139151,rj128.143,6125.0,60.0,1.14,0.06,4.38,0.03,0.11,0.06,1.15,0.04,9.29,0.24,6.0,Bruntt,KIC9139151,92.66836166381836
187,187,KIC9139163,rj192.499,6400.0,60.0,1.53,0.11,4.18,0.03,0.15,0.06,1.32,0.05,9.41,0.08,4.0,Bruntt,KIC9139163,53.52090263366699
188,188,KIC9206432,rj128.144,6608.0,60.0,1.49,0.09,4.23,0.03,0.23,0.06,1.39,0.06,9.16,0.13,6.7,Bruntt,KIC9206432,143.15801239013672
189,189,CK01925,rj148.163,5410.0,60.0,0.9,0.05,4.48,0.03,0.11,0.06,0.91,0.04,9.81,0.34,2.0,Bruntt,KIC9955598,154.68859100341797
190,190,KIC10018963,rj192.299,6020.0,60.0,1.83,0.15,3.95,0.03,-0.35,0.06,1.1,0.1,9.72,0.12,5.5,Bruntt,KIC10018963,50.14431381225586
191,191,KIC10068307,rj193.688,6114.0,60.0,2.02,0.16,3.93,0.03,-0.22,0.06,1.3,0.09,9.49,0.11,6.5,Bruntt,KIC10068307,45.515708923339844
192,192,KIC10162436,rj193.734,6200.0,60.0,2.03,0.15,3.95,0.03,-0.08,0.06,1.36,0.09,9.48,0.09,6.5,Bruntt,KIC10162436,49.9511775970459
193,193,KIC10355856,rj128.152,6350.0,60.0,1.64,0.12,4.08,0.03,-0.19,0.06,1.21,0.09,9.58,0.1,7.2,Bruntt,KIC10355856,90.52622604370116
194,194,KIC10454113,rj193.701,6120.0,60.0,1.2,0.08,4.31,0.03,-0.06,0.06,1.1,0.06,9.6,0.15,5.5,Bruntt,KIC10454113,47.77267837524414
195,195,KIC10516096,rj128.153,5940.0,60.0,1.39,0.1,4.18,0.03,-0.06,0.06,1.08,0.05,9.78,0.08,4.2,Bruntt,KIC10516096,92.55975723266602
196,196,KIC10644253,rj128.154,6030.0,60.0,1.1,0.06,4.4,0.03,0.12,0.06,1.12,0.04,9.34,0.26,3.8,Bruntt,KIC10644253,93.82588577270508
197,197,KIC10709834,rj193.703,6508.0,60.0,1.72,0.13,4.09,0.03,-0.08,0.06,1.34,0.08,9.42,0.07,10.6,Bruntt,KIC10709834,46.23519134521485
198,198,K01612,rj120.338,6060.0,60.0,1.19,0.08,4.29,0.03,-0.2,0.06,1.02,0.06,9.75,0.11,5.4,Bruntt,KIC10963065,150.61720275878906
199,199,KIC11026764,rj128.157,5682.0,60.0,2.06,0.19,3.88,0.03,0.05,0.06,1.2,0.14,9.74,0.16,4.8,Bruntt,KIC11026764,94.71467971801758
200,200,KIC11137075,rj193.704,5590.0,60.0,1.63,0.12,4.01,0.03,-0.06,0.06,1.0,0.06,9.98,0.1,1.0,Bruntt,KIC11137075,46.47294425964356
201,201,KIC11244118,rj193.700,5745.0,60.0,1.62,0.14,4.09,0.03,0.35,0.06,1.2,0.1,9.74,0.13,3.0,Bruntt,KIC11244118,48.47771453857422
202,202,KIC11414712,rj193.732,5635.0,60.0,2.18,0.18,3.8,0.03,-0.05,0.06,1.08,0.13,9.85,0.15,4.4,Bruntt,KIC11414712,52.13640213012695
203,203,KIC11717120,rj128.498,5150.0,60.0,2.23,0.14,3.68,0.03,-0.3,0.06,0.86,0.04,10.13,0.06,1.0,Bruntt,KIC11717120,147.93136596679688
204,204,KIC12009504,rj128.500,6065.0,60.0,1.35,0.11,4.21,0.03,-0.09,0.06,1.1,0.07,9.71,0.09,8.4,Bruntt,KIC12009504,90.94971084594728
205,205,KIC12258514,rj128.502,5990.0,60.0,1.55,0.11,4.11,0.03,0.04,0.06,1.14,0.07,9.75,0.1,3.5,Bruntt,KIC12258514,93.5364875793457
206,206,120467,rj55.900,4406.0,46.0,0.6987651774412377,0.02526898018793884,4.63,0.03,0.24,0.15,0.72,0.03,9.7,0.52,,Casagrande,HD 120467,173.19183349609375
207,207,HIP104092,rj59.402,4430.0,66.0,0.6815381247657041,0.03440444238550765,4.64,0.03,0.06,0.15,0.71,0.04,9.6,0.53,,Casagrande,HD 200779,130.53813934326172
208,208,21197,rj222.93,4577.0,60.0,0.7364811574560354,0.031712047756387585,4.61,0.03,0.27,0.15,0.76,0.04,9.69,0.53,,Casagrande,HD 21197,165.65589141845703
209,209,190007,rj08.1209,4637.0,51.0,0.7375613907073415,0.02688483259254067,4.61,0.03,0.15,0.15,0.76,0.04,9.7,0.53,,Casagrande,HD 190007,176.77594757080078
210,210,10853,rj187.363,4638.0,78.0,0.6620870993543606,0.04338464429139866,4.67,0.04,-0.74,0.15,0.64,0.04,9.69,0.53,,Casagrande,HD 10853,139.4011154174805
211,211,127506,rj189.2182,4662.0,92.0,0.6765967203924267,0.043718515685939034,4.64,0.04,-0.4,0.15,0.69,0.05,9.64,0.53,,Casagrande,HD 127506,160.3972930908203
212,212,170493,rj59.988,4671.0,98.0,0.7808669514030866,0.04968458146656491,4.6,0.04,0.15,0.15,0.77,0.05,9.69,0.53,,Casagrande,HD 170493,158.37934112548828
213,213,65486,rj06.1058,4678.0,29.0,0.6384978555084384,0.023165203532157768,4.65,0.03,-0.24,0.15,0.7,0.04,9.46,0.5,,Casagrande,HD 65486,177.936279296875
214,214,213042,rj55.995,4721.0,58.0,0.742554124423501,0.032207012885568966,4.61,0.03,0.19,0.15,0.78,0.04,9.63,0.52,,Casagrande,HD 213042,169.9522247314453
215,215,11373,rj15.1755,4738.0,58.0,0.7168129602610265,0.03635279437710907,4.63,0.04,-0.45,0.15,0.72,0.05,9.71,0.53,,Casagrande,HD 11373,165.15403747558594
216,216,202575,rj193.303,4741.0,35.0,0.6818362817709945,0.023864900010347155,4.62,0.03,0.04,0.15,0.75,0.04,9.46,0.48,,Casagrande,HD 202575,159.9565200805664
217,217,39715,rj131.1140,4759.0,37.0,0.724223499629321,0.03573874482900738,4.61,0.04,-0.04,0.15,0.77,0.04,9.58,0.52,,Casagrande,HD 39715,159.7225799560547
218,218,144872,rj189.2183,4792.0,64.0,0.6997926963408685,0.034347845577610364,4.64,0.04,-0.64,0.15,0.69,0.05,9.74,0.53,,Casagrande,HD 144872,157.8442153930664
219,219,130992,rj55.1411,4796.0,48.0,0.7204982119601466,0.02924753982983542,4.61,0.03,-0.06,0.15,0.77,0.05,9.57,0.52,,Casagrande,HD 130992,169.71439361572266
220,220,202751,rj55.1278,4809.0,35.0,0.6883093898698991,0.02867374783930945,4.62,0.03,-0.1,0.15,0.75,0.05,9.49,0.49,,Casagrande,HD 202751,169.90833282470703
221,221,263175,rj187.386,4818.0,46.0,0.6610758763645949,0.03358923941231596,4.65,0.04,-0.59,0.15,0.68,0.05,9.62,0.52,,Casagrande,HD 263175,158.67510223388672
222,222,130871,rj222.754,4845.0,42.0,0.7041883352027348,0.04699406199228803,4.61,0.04,-0.16,0.15,0.76,0.05,9.54,0.52,,Casagrande,HD 130871,161.97161865234375
223,223,215152,rj63.1008,4870.0,59.0,0.756940658725604,0.04217615343821531,4.6,0.04,-0.17,0.15,0.77,0.05,9.67,0.52,,Casagrande,HD 215152,169.75005340576172
224,224,53927,rj187.388,4882.0,35.0,0.6895186648683471,0.033921203982141934,4.63,0.04,-0.37,0.15,0.73,0.05,9.56,0.52,,Casagrande,HD 53927,157.08374786376953
225,225,25665,rj63.1051,4902.0,65.0,0.7544284327270075,0.032841089246994824,4.6,0.04,-0.03,0.15,0.8,0.05,9.6,0.53,,Casagrande,HD 25665,168.47186279296875
226,226,136834,rj222.757,4955.0,58.0,0.778920994933075,0.046250116188585086,4.59,0.04,0.19,0.15,0.82,0.05,9.62,0.53,,Casagrande,HD 136834,161.81627655029297
227,227,5133,rj158.105,4956.0,52.0,0.7178804322293237,0.024545135611804623,4.61,0.03,-0.1,0.15,0.78,0.05,9.49,0.48,,Casagrande,HD 5133,157.04215240478516
228,228,216259,rj23.528,4957.0,61.0,0.6399379653862505,0.03170620496464016,4.66,0.03,-0.63,0.15,0.69,0.04,9.54,0.51,,Casagrande,HD 216259,172.48834228515625
229,229,4256,rj41.3846,4966.0,46.0,0.7717349162660874,0.032708969390607384,4.58,0.03,0.34,0.15,0.84,0.04,9.5,0.5,,Casagrande,HD 4256,168.95255279541016
230,230,18632,rj187.94,4984.0,87.0,0.7966352475793762,0.05051332266062384,4.58,0.04,0.18,0.15,0.83,0.05,9.63,0.52,,Casagrande,HD 18632,156.89458465576172
231,231,HIP94931,rj153.297,4986.0,45.0,0.8062128990707832,0.03972864663697796,4.58,0.05,-0.62,0.15,0.74,0.06,9.99,0.49,,Casagrande,BD+41 3306,158.15686798095703
232,232,3765,rj13.2074,5002.0,57.0,0.7912693106785825,0.03196721085832761,4.58,0.04,0.01,0.15,0.82,0.05,9.71,0.52,,Casagrande,HD 3765,176.44784545898438
233,233,220339,rj61.702,5008.0,51.0,0.7222753875026171,0.03223018382987701,4.61,0.04,-0.31,0.15,0.77,0.06,9.57,0.51,,Casagrande,HD 220339,167.84156799316406
234,234,130307,rj189.1878,5033.0,43.0,0.7319203858070942,0.02978004544063509,4.6,0.04,-0.16,0.15,0.79,0.05,9.51,0.49,,Casagrande,HD 130307,157.56975555419922
235,235,219538,rj64.75,5051.0,58.0,0.7676263908746348,0.03623077445223581,4.59,0.04,-0.04,0.15,0.82,0.05,9.55,0.51,,Casagrande,HD 219538,168.37220001220703
236,236,59747,rj187.387,5063.0,54.0,0.7388478285374469,0.03569842059446915,4.59,0.03,0.06,0.15,0.83,0.05,9.46,0.47,,Casagrande,HD 59747,156.65108489990234
237,237,124106,rj72.716,5103.0,57.0,0.7591465300462289,0.04188294004676426,4.59,0.05,-0.1,0.15,0.82,0.05,9.54,0.51,,Casagrande,HD 124106,153.67031860351562
238,238,17190,rj187.87,5139.0,74.0,0.8338592822544587,0.04904166405023056,4.56,0.06,-0.11,0.15,0.83,0.06,9.77,0.52,,Casagrande,HD 17190,155.6057891845703
239,239,132142,rj178.91,5226.0,59.0,0.7995871592067921,0.030039689678766187,4.55,0.06,-0.54,0.15,0.78,0.06,9.91,0.5,,Casagrande,HD 132142,155.1559295654297
240,240,144579,rj08.745,5251.0,77.0,0.7817577038090389,0.02957604176870262,4.57,0.05,-0.69,0.15,0.76,0.06,9.92,0.5,,Casagrande,HD 144579,172.43414306640625
241,241,10002,rj137.105,5258.0,63.0,0.9191326594716288,0.05511230897606508,4.51,0.07,0.2,0.15,0.88,0.06,9.88,0.5,,Casagrande,HD 10002,155.91192626953125
242,242,225261,rj222.71,5286.0,55.0,0.7984708126659645,0.03828464323455856,4.57,0.06,-0.44,0.15,0.81,0.07,9.73,0.52,,Casagrande,HD 225261,157.59671783447266
243,243,11020,rj222.78,5288.0,31.0,0.7172497265914353,0.043938393442554034,4.6,0.04,-0.28,0.15,0.81,0.06,9.41,0.45,,Casagrande,HD 11020,159.0561294555664
244,244,HIP1532,rj131.363,4038.6225832,241.01066158983923,0.5943490481192352,0.05503434206479155,4.71,0.06,-0.37,0.1,0.58,0.06,9.6,0.53,,Gaidos,GJ1008.0,159.78346252441406
245,245,HIP10337,rj137.108,4050.8993344,239.2944244575205,0.6944079185635289,0.07205316888860365,4.67,0.06,0.12,0.1,0.65,0.07,9.6,0.53,,Gaidos,GJ1044,164.16189575195312
246,246,HIP47201,rj63.779,4206.5346496,212.2688665555294,0.6958916443809732,0.053813230610969244,4.66,0.05,0.03,0.1,0.67,0.06,9.63,0.52,,Gaidos,GJ1127,146.55496215820312
247,247,HIP66222,rj90.713,3904.2082118999997,266.4887429693214,0.6674388853622054,0.08679028966417504,4.7,0.07,-0.11,0.1,0.59,0.08,9.62,0.52,,Gaidos,GJ1172,165.25631713867188
248,248,HIP4845,rj134.232,3966.9981688000007,301.0673127572604,0.6323498903138177,0.0734402824695138,4.72,0.12,-0.19,0.1,0.59,0.09,9.62,0.52,,Gaidos,GJ3072,164.28970336914062
249,249,HIP40910,rj149.142,4159.4837625,227.57695145719302,0.6329341451596326,0.05306142093386792,4.67,0.05,-0.06,0.1,0.64,0.06,9.6,0.52,,Gaidos,GJ3494,165.92676544189453
250,250,HIP12493,rj59.1982,4276.300933600001,192.50970002818838,0.6618584225671326,0.04694703235568292,4.68,0.04,-0.29,0.1,0.64,0.06,9.6,0.52,,Gaidos,GJ9093,129.22356414794922
251,251,HIP19165,rj14.622,4297.840712499999,200.05015966488088,0.6587237941119122,0.04731794360020343,4.68,0.04,-0.22,0.1,0.65,0.06,9.56,0.52,,Gaidos,GJ9144,178.33524322509766
252,252,HIP93871,rj59.396,4449.114062499999,177.4588844094752,0.68080312648881,0.0428481166750745,4.67,0.04,-0.47,0.1,0.65,0.05,9.67,0.52,,Gaidos,HD178126,126.89392471313477
253,253,HIP15095,rj137.116,4227.142787499999,199.2180565174056,0.65253269351275,0.04684684297428264,4.67,0.04,-0.21,0.1,0.64,0.06,9.61,0.52,,Gaidos,HD20280,161.9022979736328
254,254,HIP105341,rj59.403,4032.5216125000006,241.87428735781106,0.6734847246720129,0.0628752081691861,4.67,0.05,-0.05,0.1,0.64,0.07,9.64,0.52,,Gaidos,HD203040,132.70074462890622
255,255,HIP114156,rj59.1640,4146.299887900001,208.7836811722574,0.6603534361169602,0.0512438526407788,4.67,0.05,-0.02,0.1,0.65,0.06,9.59,0.52,,Gaidos,HD218294,131.04562377929688
256,256,HIP118261,rj59.1642,4614.8254125,214.07870985130822,0.7147023294994652,0.05120941472003505,4.62,0.05,-0.04,0.1,0.74,0.06,9.58,0.52,,Gaidos,HD224607,125.8123893737793
257,257,HIP25220,rj61.791,4505.392825599999,178.64944091346908,0.701744336752215,0.042255840263332484,4.63,0.04,0.05,0.1,0.73,0.06,9.58,0.52,,Gaidos,HD35171,143.80420684814453
258,258,HIP97051,rj59.397,4199.7251607,247.92917144010408,0.6309040692679407,0.057336785075188884,4.7,0.07,-0.19,0.1,0.62,0.07,9.59,0.52,,Gaidos,HD355784,130.62823486328122
259,259,HIP36551,rj61.466,4394.6039544,193.28092733384483,0.6694412197181755,0.04578971939224666,4.66,0.04,-0.3,0.1,0.66,0.06,9.63,0.52,,Gaidos,HD59582,158.84993743896484
260,260,HIP40375,rj149.140,4334.3887,208.8862097877922,0.7106030639308984,0.052271398769489164,4.65,0.04,0.03,0.1,0.7,0.06,9.55,0.52,,Gaidos,HD68834,162.05785369873047
261,261,HIP5663,rj128.549,4186.1948772999995,222.148170893654,0.6720387272352525,0.0554645879060905,4.67,0.05,-0.05,0.1,0.66,0.06,9.58,0.52,,Gaidos,HD7279,159.64784240722656
262,262,HIP45839,rj63.1698,4425.5398216,198.32263612660026,0.7141844468893458,0.04950181314649229,4.63,0.04,0.05,0.1,0.72,0.06,9.61,0.52,,Gaidos,HD80632,144.07942962646484
263,263,HIP48411,rj63.1699,4356.714874900001,199.47376697020914,0.7423730598299442,0.07200935816014177,4.63,0.04,0.2,0.1,0.72,0.07,9.62,0.52,,Gaidos,HD85488,145.50804138183594
264,264,HIP54651,rj86.215,4356.7148749,196.75390269931836,0.5752893245718318,0.04140094659237466,4.72,0.04,-0.89,0.1,0.56,0.04,9.65,0.52,,Gaidos,HD97214,160.77129364013672
265,265,HIP54810,rj63.1701,4394.6039544000005,184.84797313704078,0.6806033061110779,0.04432869749672491,4.64,0.04,0.03,0.1,0.7,0.06,9.58,0.52,,Gaidos,HD97503,144.22283172607422
266,266,64413,rj65.146,4906.4,25.0,8.08,0.92,2.6953,0.027999999999999997,-0.1535,0.01,1.21,0.23,9.69,0.24,3.34,Brewer,HD 64413,154.87848663330078
267,267,26007,rj62.205,4777.5,25.0,7.0,0.65,2.8087,0.027999999999999997,-0.1324,0.01,1.16,0.16,9.78,0.21,0.06,Brewer,HD 26007,154.83346557617188
268,268,9625,rj62.165,4945.6,25.0,7.35,0.48,2.8944,0.027999999999999997,0.1609,0.01,1.57,0.12,9.42,0.11,2.23,Brewer,HD 9625,154.7323760986328
269,269,123239,rj72.718,4794.9,25.0,6.41,0.53,2.9403,0.027999999999999997,-0.0487,0.01,1.35,0.15,9.59,0.17,0.1,Brewer,HD 123239,155.8234100341797
270,270,3458,rj62.152,5100.7,25.0,7.0,0.62,2.9531,0.027999999999999997,0.1242,0.01,1.6,0.23,9.38,0.19,3.51,Brewer,HD 3458,153.24983978271484
271,271,130048,rj130.1674,4964.4,25.0,6.37,0.45,3.0182,0.027999999999999997,0.277,0.01,1.54,0.11,9.46,0.11,2.64,Brewer,HD 130048,156.90245056152344
272,272,26634,rj62.206,4902.4,25.0,4.92,0.33,3.0301,0.027999999999999997,-0.1379,0.01,0.95,0.05,10.05,0.07,1.8,Brewer,HD 26634,153.6018829345703
273,273,8407,rj62.163,4922.8,25.0,4.87,0.4,3.0477,0.027999999999999997,-0.1246,0.01,0.97,0.09,10.04,0.13,1.92,Brewer,HD 8407,153.78206634521484
274,274,8594,rj130.2537,4799.8,25.0,5.47,0.47,3.0664,0.027999999999999997,0.145,0.01,1.24,0.14,9.74,0.15,1.62,Brewer,HD 8594,157.10325622558594
275,275,108863,rj72.738,4878.5,25.0,5.62,0.41,3.0746,0.027999999999999997,0.2024,0.01,1.37,0.12,9.62,0.13,1.94,Brewer,HD 108863,156.29398345947266
276,276,114659,rj72.741,4837.7,25.0,5.54,0.43,3.0823,0.027999999999999997,0.1752,0.01,1.35,0.14,9.64,0.14,1.32,Brewer,HD 114659,155.94788360595703
277,277,18742,rj62.193,4941.0,25.0,5.29,0.47,3.0924,0.027999999999999997,-0.0195,0.01,1.23,0.14,9.72,0.15,2.03,Brewer,HD 18742,153.9312744140625
278,278,152733,rj72.146,4834.8,25.0,5.37,0.45,3.0993,0.027999999999999997,0.1582,0.01,1.34,0.14,9.64,0.15,1.5,Brewer,HD 152733,156.1744842529297
279,279,22657,rj62.200,4792.2,25.0,4.81,0.47,3.1127,0.027999999999999997,0.0712,0.01,1.12,0.17,9.91,0.24,1.13,Brewer,HD 22657,155.71639251708984
280,280,15336,rj62.177,5025.1,25.0,4.6,0.27,3.1229,0.027999999999999997,-0.1576,0.01,0.99,0.03,9.95,0.05,3.14,Brewer,HD 15336,151.9260482788086
281,281,238433,rj76.1672,4936.5,25.0,5.07,0.42,3.1322,0.027999999999999997,-0.0043,0.01,1.24,0.14,9.72,0.15,2.12,Brewer,HD 238433,154.87600708007812
282,282,210373,rj156.1777,4876.2,25.0,5.1,0.38,3.1475,0.027999999999999997,0.2104,0.01,1.34,0.14,9.65,0.14,1.94,Brewer,HD 210373,156.69506072998047
283,283,1502,rj59.1647,4947.4,25.0,4.99,0.4,3.1762,0.027999999999999997,0.1018,0.01,1.35,0.14,9.63,0.15,1.6,Brewer,HD 1502,130.91603088378906
284,284,199381,rj138.779,4843.9,25.0,4.71,0.41,3.1878,0.027999999999999997,0.1667,0.01,1.23,0.15,9.76,0.16,1.22,Brewer,HD 199381,157.28402709960938
285,285,77818,rj70.391,4777.2,25.0,4.32,0.48,3.1926,0.027999999999999997,-0.0131,0.01,1.06,0.16,9.97,0.23,0.84,Brewer,HD 77818,156.0044403076172
286,286,95526,rj72.93,4831.8,25.0,4.45,0.44,3.2018,0.027999999999999997,-0.063,0.01,1.14,0.14,9.83,0.19,0.67,Brewer,HD 95526,155.53863525390625
287,287,72490,rj65.150,4934.7,25.0,3.93,0.26,3.2102,0.027999999999999997,-0.1117,0.01,0.91,0.05,10.13,0.07,2.16,Brewer,HD 72490,154.75279235839844
288,288,200964,rj57.145,4982.8,25.0,4.45,0.36,3.2162,0.027999999999999997,-0.0693,0.01,1.19,0.12,9.76,0.16,1.32,Brewer,HD 200964,147.9245376586914
289,289,74390,rj70.390,4874.4,25.0,4.57,0.36,3.2252,0.027999999999999997,0.1871,0.01,1.26,0.13,9.73,0.14,1.74,Brewer,HD 74390,155.6616439819336
290,290,14787,rj62.180,4946.1,25.0,4.56,0.29,3.2341,0.027999999999999997,0.0328,0.01,1.31,0.1,9.65,0.11,1.38,Brewer,HD 14787,154.85639190673828
291,291,4313,rj59.1648,4943.2,25.0,4.58,0.34,3.2430000000000003,0.027999999999999997,0.1891,0.01,1.34,0.14,9.65,0.14,1.72,Brewer,HD 4313,131.3678970336914
292,292,6030,rj62.139,4926.1,25.0,4.37,0.42,3.2586,0.027999999999999997,0.0721,0.01,1.28,0.19,9.69,0.22,1.35,Brewer,HD 6030,154.60456085205078
293,293,61995,rj118.389,4989.3,25.0,4.25,0.33,3.2631,0.027999999999999997,-0.045,0.01,1.22,0.12,9.73,0.14,0.92,Brewer,HD 61995,156.1902618408203
294,294,207077,rj57.147,5067.5,25.0,3.69,0.24,3.2729,0.027999999999999997,-0.3126,0.01,0.92,0.06,10.05,0.11,1.41,Brewer,HD 207077,144.55686950683594
295,295,152581,rj72.456,5027.0,25.0,3.63,0.26,3.2854,0.027999999999999997,-0.2143,0.01,0.93,0.04,10.02,0.07,1.45,Brewer,HD 152581,153.9740447998047
296,296,199255,rj138.778,5027.4,25.0,4.1,0.33,3.2923,0.027999999999999997,-0.0524,0.01,1.2,0.12,9.74,0.15,1.49,Brewer,HD 199255,155.61312103271484
297,297,190571,rj159.703,4999.1,25.0,3.42,0.22,3.3046,0.027999999999999997,-0.2167,0.01,0.87,0.04,10.13,0.08,1.19,Brewer,HD 190571,157.24427795410156
298,298,48345,rj133.647,4992.5,25.0,4.16,0.31,3.3234,0.027999999999999997,0.2032,0.01,1.32,0.14,9.66,0.14,1.73,Brewer,HD 48345,156.5854034423828
299,299,31451,rj81.639,4921.2,25.0,4.01,0.31,3.3363,0.027999999999999997,0.0004,0.01,1.29,0.12,9.65,0.15,0.7,Brewer,HD 31451,155.22632598876953
300,300,125607,rj76.1671,4985.3,25.0,3.98,0.34,3.3447,0.027999999999999997,0.0996,0.01,1.29,0.14,9.68,0.16,0.83,Brewer,HD 125607,154.3886489868164
301,301,122253,rj72.762,5007.1,25.0,3.91,0.25,3.3625,0.027999999999999997,0.0305,0.01,1.3,0.11,9.65,0.12,0.87,Brewer,HD 122253,154.82400512695312
302,302,102956,rj72.98,4985.1,25.0,3.91,0.28,3.3846,0.027999999999999997,0.2596,0.01,1.34,0.13,9.66,0.14,1.49,Brewer,HD 102956,154.95905303955078
303,303,216834,rj62.98,5058.1,25.0,3.07,0.18,3.4025,0.027999999999999997,-0.2316,0.01,0.88,0.03,10.12,0.05,0.86,Brewer,HD 216834,153.2126235961914
304,304,14855,rj130.1125,5023.0,25.0,3.61,0.27,3.4292,0.027999999999999997,0.025,0.01,1.29,0.12,9.66,0.14,0.53,Brewer,HD 14855,155.78668212890625
305,305,135872,rj130.1675,4992.5,25.0,3.47,0.31,3.435,0.027999999999999997,0.123,0.01,1.2,0.16,9.79,0.19,0.8,Brewer,HD 135872,156.7573013305664
306,306,40537,rj65.145,4962.0,25.0,2.96,0.22,3.4473,0.027999999999999997,-0.0866,0.01,0.88,0.05,10.15,0.04,1.75,Brewer,HD 40537,156.44410705566406
307,307,217681,rj62.101,4953.6,25.0,3.45,0.25,3.452,0.027999999999999997,0.2424,0.01,1.26,0.11,9.74,0.13,1.68,Brewer,HD 217681,155.43453979492188
308,308,17620,rj62.190,5158.9,25.0,3.0,0.22,3.4621,0.027999999999999997,-0.0769,0.01,0.96,0.06,10.06,0.08,2.95,Brewer,HD 17620,152.25067138671875
309,309,109159,rj72.387,5150.7,25.0,2.51,0.14,3.5980000000000003,0.027999999999999997,-0.0781,0.01,0.91,0.02,10.12,0.06,0.71,Brewer,HD 109159,153.59930419921875
310,310,206635,rj62.88,4944.2,25.0,2.36,0.11,3.6541,0.027999999999999997,-0.1822,0.01,0.84,0.0,10.17,0.0,0.1,Brewer,HD 206635,154.1074981689453
311,311,57204,rj23.1586,5096.9,25.0,3.19,0.25,3.5245,0.027999999999999997,0.2119,0.01,1.24,0.11,9.75,0.12,1.96,Brewer,HD 57204,146.89986419677734
312,312,108189,rj72.389,5373.1,25.0,3.13,0.24,3.5602,0.027999999999999997,0.0271,0.01,1.36,0.12,9.59,0.13,6.81,Brewer,HD 108189,152.97653198242188
313,313,88654,rj90.988,5197.0,25.0,2.98,0.22,3.5885,0.027999999999999997,0.1883,0.01,1.23,0.11,9.75,0.11,2.08,Brewer,HD 88654,155.25552368164062
314,314,102444,rj72.386,5227.3,25.0,2.89,0.21,3.6001,0.027999999999999997,-0.0035,0.01,1.22,0.11,9.72,0.13,2.79,Brewer,HD 102444,152.7778778076172
315,315,4395,rj62.156,5495.0,25.0,2.66,0.17,3.6108,0.027999999999999997,-0.1488,0.01,1.07,0.03,9.82,0.05,2.78,Brewer,HD 4395,150.78925323486328
316,316,215049,rj62.97,5108.9,25.0,2.64,0.2,3.6347,0.027999999999999997,0.0597,0.01,1.11,0.09,9.9,0.14,0.88,Brewer,HD 215049,154.0193862915039
317,317,95088,rj18.685,5103.2,25.0,2.76,0.18,3.6452,0.027999999999999997,0.2811,0.01,1.24,0.06,9.76,0.07,1.01,Brewer,HD 95088,162.60189819335938
318,318,10995,rj161.539,5688.3,25.0,2.95,0.18,3.6707,0.027999999999999997,0.0951,0.01,1.52,0.08,9.44,0.09,4.93,Brewer,HD 10995,152.84142303466797
319,319,203471,rj55.962,5425.0,25.0,2.46,0.21,3.7159,0.027999999999999997,-0.0179,0.01,1.15,0.13,9.82,0.18,5.85,Brewer,HD 203471,143.21139526367188
320,320,190228,rj63.381,5238.4,25.0,2.16,0.13,3.7197,0.027999999999999997,-0.2181,0.01,0.88,0.03,10.1,0.04,0.1,Brewer,HD 190228,166.38129425048828
321,321,93396,rj51.145,5326.8,25.0,2.52,0.17,3.738,0.027999999999999997,0.3059,0.01,1.25,0.1,9.74,0.1,1.8,Brewer,HD 93396,162.8001480102539
322,322,23825,rj62.182,5588.0,25.0,2.52,0.18,3.7445,0.027999999999999997,0.1412,0.01,1.33,0.12,9.62,0.12,3.97,Brewer,HD 23825,152.0041732788086
323,323,72440,rj70.389,5599.0,25.0,2.39,0.19,3.7512,0.027999999999999997,-0.0141,0.01,1.19,0.12,9.75,0.14,5.13,Brewer,HD 72440,151.65544891357422
324,324,221504,rj62.106,5333.9,25.0,2.43,0.18,3.7629,0.027999999999999997,0.2871,0.01,1.25,0.11,9.74,0.12,2.04,Brewer,HD 221504,153.32191467285156
325,325,155413,rj23.520,5740.3,25.0,2.52,0.17,3.7861,0.027999999999999997,0.2658,0.01,1.45,0.1,9.53,0.1,4.58,Brewer,HD 155413,170.1683349609375
326,326,3404,rj63.712,5339.3,25.0,2.22,0.14,3.813,0.027999999999999997,0.2001,0.01,1.18,0.06,9.81,0.08,0.73,Brewer,HD 3404,166.9799575805664
327,327,106088,rj21.1217,5469.6,25.0,2.15,0.17,3.8696,0.027999999999999997,0.3408,0.01,1.25,0.09,9.74,0.09,2.03,Brewer,HD 106088,159.25455474853516
328,328,88133,rj55.1376,5392.5,25.0,2.06,0.15,3.8817,0.027999999999999997,0.325,0.01,1.21,0.08,9.79,0.08,0.5,Brewer,HD 88133,166.37449645996094
329,329,3684,rj194.134,6162.7,25.0,2.32,0.16,3.9031,0.027999999999999997,0.3277,0.01,1.58,0.05,9.36,0.04,7.26,Brewer,HD 3684,151.71318817138672
330,330,45067,rj187.116,5940.5,25.0,1.98,0.15,3.915,0.027999999999999997,-0.0132,0.01,1.18,0.07,9.72,0.09,5.34,Brewer,HD 45067,153.5791778564453
331,331,14655,rj63.728,5754.8,25.0,2.01,0.13,3.9181,0.027999999999999997,0.1172,0.01,1.25,0.08,9.69,0.09,3.89,Brewer,HD 14655,164.77334594726562
332,332,111814,rj117.361,5646.4,25.0,1.95,0.14,3.9262,0.027999999999999997,0.221,0.01,1.2,0.07,9.76,0.08,0.39,Brewer,HD 111814,153.60668182373047
333,333,39094,rj23.1583,5431.8,25.0,1.86,0.13,3.9452,0.027999999999999997,0.2352,0.01,1.12,0.05,9.89,0.08,0.1,Brewer,HD 39094,145.20718383789062
334,334,24892,rj16.526,5340.9,25.0,1.62,0.09,3.9649,0.027999999999999997,-0.3001,0.01,0.89,0.03,10.07,0.06,0.1,Brewer,HD 24892,172.15187072753906
335,335,148284,rj42.152,5572.0,25.0,1.82,0.13,3.9685,0.027999999999999997,0.1602,0.01,1.12,0.08,9.87,0.11,1.73,Brewer,HD 148284,170.75728607177734
336,336,37213,rj187.113,5446.9,25.0,1.56,0.09,3.98,0.027999999999999997,-0.4013,0.01,0.85,0.03,10.13,0.05,0.1,Brewer,HD 37213,152.9757080078125
337,337,63754,rj187.164,6032.9,25.0,1.98,0.14,3.9867,0.027999999999999997,0.2417,0.01,1.4,0.05,9.52,0.03,4.24,Brewer,HD 63754,151.6772003173828
338,338,156846,rj72.165,5998.8,25.0,1.91,0.13,4.0086,0.027999999999999997,0.2405,0.01,1.37,0.05,9.55,0.03,4.33,Brewer,HD 156846,153.02823638916016
339,339,179079,rj32.1784,5646.4,25.0,1.7,0.13,4.0198,0.027999999999999997,0.2355,0.01,1.12,0.05,9.87,0.07,1.82,Brewer,HD 179079,164.39944458007812
340,340,103459,rj117.364,5721.6,25.0,1.71,0.13,4.0307,0.027999999999999997,0.2397,0.01,1.15,0.07,9.83,0.08,2.18,Brewer,HD 103459,152.41376495361328
341,341,K00274,rj97.298,6083.6,25.0,1.74,0.12,4.0434,0.027999999999999997,0.0206,0.01,1.21,0.07,9.68,0.08,5.72,Brewer,Kepler-128,149.0912094116211
342,342,107181,rj20.823,5628.1,25.0,1.67,0.12,4.0494,0.027999999999999997,0.3118,0.01,1.13,0.08,9.86,0.1,2.5,Brewer,HD 107181,134.96939086914062
343,343,31253,rj63.441,6026.8,25.0,1.76,0.12,4.0627,0.027999999999999997,0.207,0.01,1.31,0.04,9.59,0.03,2.41,Brewer,HD 31253,164.26482391357422
344,344,69960,rj04.883,5600.0,25.0,1.6,0.11,4.0637,0.027999999999999997,0.2794,0.01,1.09,0.04,9.92,0.05,2.47,Brewer,HD 69960,161.3397216796875
345,345,168443,rj72.169,5551.2,25.0,1.5,0.1,4.0728,0.027999999999999997,0.0427,0.01,0.99,0.03,10.05,0.05,2.38,Brewer,HD 168443,154.0107421875
346,346,4203,rj78.495,5582.2,25.0,1.58,0.12,4.0792,0.027999999999999997,0.3489,0.01,1.1,0.07,9.91,0.1,2.92,Brewer,HD 4203,153.27951049804688
347,347,K02720,rj152.691,5985.0,25.0,1.62,0.09,4.0836,0.027999999999999997,-0.0852,0.01,1.15,0.03,9.68,0.06,2.47,Brewer,KOI-2720,150.46189880371094
348,348,234314,rj32.1749,5566.1,25.0,1.49,0.1,4.0903,0.027999999999999997,0.1368,0.01,1.01,0.03,10.02,0.05,2.17,Brewer,HD 234314,164.50232696533203
349,349,211681,rj179.529,5710.5,25.0,1.61,0.12,4.0971,0.027999999999999997,0.3505,0.01,1.19,0.08,9.75,0.09,2.57,Brewer,HD 211681,153.44243621826172
350,350,13871,rj140.96,6416.2,25.0,1.96,0.13,4.0271,0.027999999999999997,0.2733,0.01,1.51,0.05,9.33,0.03,7.95,Brewer,HD 13871,155.25476837158203
351,351,31423,rj140.114,6603.2,25.0,2.21,0.15,3.9427,0.027999999999999997,0.1138,0.01,1.58,0.05,9.28,0.03,7.84,Brewer,HD 31423,151.82819366455078
352,352,WASP14,rj72.452,6458.7,25.0,1.43,0.08,4.2037,0.027999999999999997,-0.1125,0.01,1.22,0.02,9.49,0.04,0.1,Brewer,WASP-14,147.67645263671875
353,353,WASP17,rj170.277,6548.5,25.0,1.54,0.1,4.1802,0.027999999999999997,0.0059,0.01,1.33,0.03,9.36,0.05,5.88,Brewer,WASP-17,114.48883819580078
354,354,31560,rj61.764,4702.0,25.0,0.75,0.01,4.4834,0.027999999999999997,0.1275,0.01,0.75,0.01,10.13,0.1,2.33,Brewer,HD 31560,141.8998794555664
355,355,18445,rj187.82,4837.6,25.0,0.76,0.01,4.4366,0.027999999999999997,-0.0449,0.01,0.74,0.01,10.15,0.05,2.62,Brewer,HD 18445,158.41832733154297
356,356,155712,rj21.1249,4911.3,25.0,0.77,0.02,4.5192,0.027999999999999997,-0.0657,0.01,0.76,0.02,10.1,0.17,0.23,Brewer,HD 155712,173.82540893554688
357,357,24238,rj50.268,4951.4,25.0,0.68,0.01,4.5441,0.027999999999999997,-0.4511,0.01,0.67,0.01,10.12,0.12,0.33,Brewer,HD 24238,164.8398895263672
358,358,KIC8435766,rj168.62,5023.3,25.0,0.78,0.02,4.5488,0.027999999999999997,0.0066,0.01,0.81,0.03,9.84,0.45,3.09,Brewer,KIC-8435766,155.576171875
359,359,8553,rj15.941,5053.6,25.0,0.82,0.02,4.4764,0.027999999999999997,-0.0069,0.01,0.79,0.01,10.12,0.1,2.07,Brewer,HD 8553,174.61502838134766
360,360,80367,rj187.162,5073.0,25.0,0.84,0.02,4.4343,0.027999999999999997,0.0431,0.01,0.8,0.01,10.15,0.06,1.05,Brewer,HD 80367,156.77288818359375
361,361,18143,rj50.242,5100.8,25.0,0.91,0.03,4.4255,0.027999999999999997,0.2714,0.01,0.85,0.01,10.13,0.08,1.74,Brewer,HD 18143,166.56201934814453
362,362,137778,rj189.272,5127.6,25.0,0.84,0.03,4.5211,0.027999999999999997,0.2655,0.01,0.89,0.03,9.74,0.42,1.9,Brewer,HD 137778,157.7846908569336
363,363,100623,rj06.1125,5140.2,25.0,0.73,0.03,4.5579,0.027999999999999997,-0.3624,0.01,0.73,0.02,10.02,0.28,0.29,Brewer,HD 100623,175.72256469726562
364,364,116442,rj06.1134,5155.0,25.0,0.73,0.02,4.5448,0.027999999999999997,-0.3831,0.01,0.72,0.02,10.07,0.19,0.1,Brewer,HD 116442,174.92942810058594
365,365,110743,rj19.940,5198.5,25.0,0.86,0.03,4.4707,0.027999999999999997,0.0118,0.01,0.83,0.02,10.09,0.13,0.19,Brewer,HD 110743,154.1271514892578
366,366,155456,rj21.1529,5225.0,25.0,0.94,0.04,4.4281,0.027999999999999997,0.2549,0.01,0.88,0.02,10.09,0.11,1.57,Brewer,HD 155456,172.32288360595703
367,367,37394,rj15.1500,5249.0,25.0,0.86,0.04,4.505,0.027999999999999997,0.1526,0.01,0.88,0.02,9.84,0.34,3.04,Brewer,HD 37394,174.73748779296875
368,368,131511,rj189.270,5258.6,25.0,0.88,0.04,4.4738,0.027999999999999997,0.1311,0.01,0.87,0.02,10.0,0.18,4.41,Brewer,HD 131511,155.52689361572266
369,369,102195,rj15.2019,5276.8,25.0,0.86,0.04,4.5028,0.027999999999999997,0.1012,0.01,0.88,0.02,9.85,0.32,2.82,Brewer,HD 102195,174.12032318115234
370,370,72760,rj187.413,5293.0,25.0,0.85,0.03,4.516,0.027999999999999997,0.0886,0.01,0.89,0.02,9.75,0.39,2.17,Brewer,HD 72760,155.47323608398438
371,371,181234,rj193.70,5313.9,25.0,1.06,0.05,4.3464,0.027999999999999997,0.3491,0.01,0.92,0.02,10.09,0.06,1.85,Brewer,HD 181234,156.0966567993164
372,372,37605,rj23.1581,5329.2,25.0,1.03,0.05,4.3645,0.027999999999999997,0.2674,0.01,0.91,0.02,10.11,0.07,1.58,Brewer,HD 37605,145.92108154296875
373,373,164922,rj08.769,5341.3,25.0,0.98,0.04,4.3896,0.027999999999999997,0.1492,0.01,0.88,0.01,10.12,0.07,0.1,Brewer,HD 164922,173.42494201660156
374,374,K00137,rj97.1487,5359.6,25.0,1.0,0.05,4.3792,0.027999999999999997,0.2079,0.01,0.89,0.02,10.11,0.07,1.8,Brewer,Kepler-18,103.50371551513672
375,375,3795,rj76.1925,5379.5,25.0,1.64,0.04,4.1123,0.027999999999999997,-0.5377,0.01,0.83,0.0,10.17,0.0,1.85,Brewer,HD 3795,152.9381866455078
376,376,K00245,rj179.289,5391.9,25.0,0.75,0.02,4.5959,0.027999999999999997,-0.3237,0.01,0.81,0.02,9.43,0.38,0.89,Brewer,Kepler-37,153.95207977294922
377,377,201924,rj21.1578,5401.4,25.0,0.91,0.04,4.4658,0.027999999999999997,0.0479,0.01,0.89,0.02,9.92,0.19,1.15,Brewer,HD 201924,171.1530990600586
378,378,221822,rj15.519,5419.5,25.0,0.75,0.03,4.5688,0.027999999999999997,-0.3684,0.01,0.8,0.02,9.67,0.43,1.39,Brewer,HD 221822,176.8224334716797
379,379,224619,rj41.2656,5453.8,25.0,0.86,0.04,4.4923,0.027999999999999997,-0.173,0.01,0.85,0.02,9.88,0.21,1.61,Brewer,HD 224619,165.17715454101562
380,380,126583,rj06.1818,5481.6,25.0,0.89,0.04,4.4871,0.027999999999999997,-0.0008,0.01,0.92,0.02,9.76,0.31,1.32,Brewer,HD 126583,173.9181365966797
381,381,162232,rj55.930,5491.5,25.0,1.05,0.05,4.3549,0.027999999999999997,0.1384,0.01,0.92,0.01,10.06,0.07,2.22,Brewer,HD 162232,165.45664978027344
382,382,133125,rj19.942,5505.7,25.0,0.88,0.04,4.4860000000000015,0.027999999999999997,-0.1304,0.01,0.88,0.02,9.82,0.22,0.89,Brewer,HD 133125,151.84048461914062
383,383,80606,rj50.315,5524.6,25.0,1.15,0.06,4.3094,0.027999999999999997,0.2948,0.01,0.99,0.02,9.97,0.06,2.17,Brewer,HD 80606,164.89189910888672
384,384,193690,rj55.977,5542.1,25.0,1.0,0.05,4.4126,0.027999999999999997,0.199,0.01,0.96,0.02,9.89,0.13,1.78,Brewer,HD 193690,162.86585998535156
385,385,27496,rj23.1578,5561.2,25.0,1.52,0.1,4.1016,0.027999999999999997,0.3339,0.01,1.07,0.03,9.95,0.04,2.65,Brewer,HD 27496,159.8720932006836
386,386,112415,rj21.1218,5573.6,25.0,1.25,0.07,4.2467,0.027999999999999997,0.2817,0.01,1.01,0.02,9.98,0.05,2.34,Brewer,HD 112415,158.06908416748047
387,387,WASP8,rj138.579,5589.9,25.0,0.96,0.04,4.467,0.027999999999999997,0.2626,0.01,1.02,0.02,9.48,0.32,2.14,Brewer,WASP-8,153.21119689941406
388,388,37124,rj63.448,5604.3,25.0,0.76,0.02,4.6002,0.027999999999999997,-0.4528,0.01,0.82,0.02,9.37,0.34,0.33,Brewer,HD 37124,164.7777862548828
389,389,43162,rj15.563,5617.4,25.0,0.89,0.02,4.5465,0.027999999999999997,0.0154,0.01,0.97,0.02,9.24,0.27,6.16,Brewer,HD 43162,176.17811584472656
390,390,222038,rj21.1562,5628.6,25.0,1.23,0.07,4.251,0.027999999999999997,0.22,0.01,1.0,0.02,9.99,0.04,2.05,Brewer,HD 222038,168.21981811523438
391,391,172051,rj59.987,5636.0,25.0,0.82,0.02,4.5815,0.027999999999999997,-0.2564,0.01,0.89,0.01,9.24,0.28,0.1,Brewer,HD 172051,153.194580078125
392,392,161479,rj21.1530,5642.0,25.0,1.17,0.07,4.3124,0.027999999999999997,0.2845,0.01,1.04,0.03,9.86,0.07,4.52,Brewer,HD 161479,156.14051818847656
393,393,209393,rj152.513,5650.9,25.0,0.86,0.02,4.5675,0.027999999999999997,-0.1354,0.01,0.94,0.01,9.22,0.26,4.24,Brewer,HD 209393,152.53189086914062
394,394,66428,rj06.1076,5669.9,25.0,1.2,0.07,4.2868,0.027999999999999997,0.2338,0.01,1.02,0.02,9.92,0.06,1.7,Brewer,HD 66428,173.60648345947266
395,395,135101A,rj72.454,5677.2,25.0,1.29,0.08,4.2022,0.027999999999999997,0.0441,0.01,0.98,0.02,10.02,0.03,1.9,Brewer,HD 135101 A,152.86470794677734
396,396,21774,rj187.92,5691.9,25.0,1.25,0.07,4.2504,0.027999999999999997,0.2041,0.01,1.02,0.02,9.95,0.04,2.29,Brewer,HD 21774,153.48751068115234
397,397,30708,rj187.378,5707.4,25.0,1.23,0.07,4.2565,0.027999999999999997,0.1479,0.01,1.01,0.02,9.95,0.04,1.24,Brewer,HD 30708,155.5335922241211
398,398,110537,rj06.1121,5718.3,25.0,1.16,0.06,4.3034,0.027999999999999997,0.08,0.01,0.99,0.02,9.94,0.05,1.94,Brewer,HD 110537,173.41260528564453
399,399,42807,rj187.126,5730.1,25.0,0.92,0.02,4.5214,0.027999999999999997,0.0071,0.01,1.0,0.02,9.24,0.26,4.27,Brewer,HD 42807,129.72283935546878
400,400,K00261,rj96.782,5740.0,25.0,0.94,0.03,4.5023,0.027999999999999997,0.0533,0.01,1.01,0.02,9.28,0.28,1.75,Brewer,Kepler-96,152.2713165283203
401,401,28005,rj50.266,5747.3,25.0,1.32,0.08,4.243,0.027999999999999997,0.2766,0.01,1.11,0.04,9.79,0.07,2.86,Brewer,HD 28005,163.5146713256836
402,402,38467,rj04.886,5753.4,25.0,1.44,0.09,4.1533,0.027999999999999997,0.2431,0.01,1.09,0.04,9.87,0.06,2.21,Brewer,HD 38467,160.38375854492188
403,403,104437,rj32.1740,5760.9,25.0,1.05,0.05,4.3995,0.027999999999999997,0.1651,0.01,1.03,0.02,9.7,0.16,1.6,Brewer,HD 104437,163.68270111083984
404,404,175425,rj32.1388,5772.6,25.0,1.28,0.07,4.2308,0.027999999999999997,0.1159,0.01,1.03,0.02,9.91,0.04,2.36,Brewer,HD 175425,163.2008819580078
405,405,203473,rj181.75,5780.9,25.0,1.52,0.1,4.1079,0.027999999999999997,0.1943,0.01,1.09,0.03,9.88,0.04,2.08,Brewer,HD 203473,151.95439910888672
406,406,56274,rj187.165,5788.4,25.0,0.78,0.02,4.5606,0.027999999999999997,-0.5144,0.01,0.84,0.02,9.49,0.37,0.1,Brewer,HD 56274,152.37229919433594
407,407,72687,rj83.360,5794.9,25.0,0.95,0.02,4.5246,0.027999999999999997,0.0286,0.01,1.03,0.01,9.18,0.22,6.79,Brewer,HD 72687,151.18408966064453
408,408,149750,rj32.1750,5801.6,25.0,1.46,0.09,4.141,0.027999999999999997,0.1878,0.01,1.09,0.03,9.88,0.04,2.77,Brewer,HD 149750,163.98178100585938
409,409,195034,rj152.510,5809.7,25.0,0.96,0.04,4.4757,0.027999999999999997,-0.003,0.01,1.02,0.02,9.37,0.29,1.65,Brewer,HD 195034,152.9608917236328
410,410,109749,rj93.1277,5824.7,25.0,1.34,0.08,4.2364,0.027999999999999997,0.2358,0.01,1.12,0.04,9.76,0.07,1.66,Brewer,HD 109749,152.37802124023438
411,411,K00292,rj96.89,5843.9,25.0,0.9,0.03,4.5098,0.027999999999999997,-0.1907,0.01,0.97,0.02,9.32,0.28,0.1,Brewer,Kepler-97,121.4706039428711
412,412,13931,rj64.152,5853.1,25.0,1.22,0.07,4.2788,0.027999999999999997,0.0542,0.01,1.04,0.02,9.84,0.05,1.3,Brewer,HD 13931,163.88280487060547
413,413,222986,rj23.1110,5858.8,25.0,1.04,0.03,4.4691,0.027999999999999997,0.2579,0.01,1.11,0.02,9.17,0.2,5.82,Brewer,HD 222986,170.27713775634766
414,414,68988,rj63.1658,5866.0,25.0,1.25,0.08,4.2952,0.027999999999999997,0.306,0.01,1.15,0.03,9.63,0.07,3.0,Brewer,HD 68988,164.77793884277344
415,415,84737,rj67.1020,5872.5,25.0,1.56,0.11,4.1021,0.027999999999999997,0.145,0.01,1.12,0.06,9.82,0.08,2.22,Brewer,HD 84737,164.86121368408203
416,416,101904,rj20.1313,5883.2,25.0,1.55,0.1,4.1039,0.027999999999999997,0.1195,0.01,1.12,0.04,9.82,0.05,2.46,Brewer,HD 101904,149.85934448242188
417,417,K00116,rj97.2389,5889.0,25.0,1.04,0.05,4.3939,0.027999999999999997,-0.1108,0.01,0.99,0.02,9.72,0.12,1.58,Brewer,Kepler-106,108.26377868652344
418,418,124257A,rj06.1828,5910.8,25.0,1.48,0.09,4.1543,0.027999999999999997,0.1549,0.01,1.14,0.05,9.76,0.07,3.24,Brewer,HD 124257 A,171.91873931884766
419,419,1388,rj177.343,5924.8,25.0,1.17,0.07,4.3229,0.027999999999999997,0.0291,0.01,1.06,0.02,9.74,0.08,2.27,Brewer,HD 1388,153.03014373779297
420,420,86081,rj15.1503,5939.4,25.0,1.56,0.1,4.1393,0.027999999999999997,0.2248,0.01,1.23,0.06,9.65,0.07,5.08,Brewer,HD 86081,171.4361572265625
421,421,150706,rj150.733,5948.9,25.0,1.0,0.02,4.5312,0.027999999999999997,0.0203,0.01,1.07,0.01,9.1,0.15,3.16,Brewer,HD 150706,152.74452209472656
422,422,33636,rj85.329,5960.0,25.0,0.98,0.03,4.4856,0.027999999999999997,-0.0629,0.01,1.05,0.02,9.2,0.22,1.31,Brewer,HD 33636,151.94924926757812
423,423,17156,rj21.1379,5969.9,25.0,1.54,0.1,4.1475,0.027999999999999997,0.2176,0.01,1.23,0.04,9.64,0.04,4.17,Brewer,HD 17156,156.35317993164062
424,424,44985,rj187.118,5983.8,25.0,1.11,0.06,4.3629,0.027999999999999997,-0.0232,0.01,1.06,0.02,9.63,0.13,0.1,Brewer,HD 44985,152.54967498779297
425,425,122973,rj20.824,5989.4,25.0,1.06,0.03,4.4645,0.027999999999999997,0.1993,0.01,1.13,0.02,9.13,0.17,4.38,Brewer,HD 122973,133.13725280761722
426,426,27859,rj50.275,6013.2,25.0,1.07,0.03,4.4738,0.027999999999999997,0.2062,0.01,1.14,0.02,9.1,0.14,6.32,Brewer,HD 27859,150.68445587158203
427,427,26161,rj165.405,6033.1,25.0,1.47,0.08,4.1495,0.027999999999999997,-0.0109,0.01,1.13,0.02,9.74,0.04,3.09,Brewer,HD 26161,127.34564590454102
428,428,20367,rj185.1097,6093.9,25.0,1.1,0.03,4.4556,0.027999999999999997,0.165,0.01,1.15,0.02,9.1,0.14,0.1,Brewer,HD 20367,151.09378051757812
429,429,103890,rj05.1265,6120.5,25.0,1.44,0.09,4.1907,0.027999999999999997,0.0251,0.01,1.17,0.04,9.66,0.06,3.57,Brewer,HD 103890,171.5921859741211
430,430,132254,rj187.201,6156.8,25.0,1.58,0.1,4.1444,0.027999999999999997,0.1631,0.01,1.27,0.03,9.57,0.03,7.45,Brewer,HD 132254,153.37039184570312
431,431,3861,rj34.254,6219.0,25.0,1.29,0.07,4.2897,0.027999999999999997,0.165,0.01,1.21,0.02,9.42,0.11,0.1,Brewer,HD 3861,162.41178131103516
